MeasurementSession;1430151533308;Windows 7 home premium SP1 @AMD Phenom(tm) II X4 965@3.4GHz@8GB@7200UPM;1.7.0_60 by Oracle Corporation at E:\Programmieren\01_Java\01_JDKs\jdk1.7.0_60\jre;Windows 7 6.1 on x86;1430151533308;1430151533355;47;MILLISECONDS;de.et.perf.file.access.RandomAccessFileAccessor;E:\Programmieren\01_Java\03_Workspaces\02_CurrentProjects\EasyTag\EasyTagTest_Util\data\performanceTest\files;06_FUCKING_HUGE.txt;269935208;125000000;125000000;125000000;
MeasurementSession;1430151533308;Windows 7 home premium SP1 @AMD Phenom(tm) II X4 965@3.4GHz@8GB@7200UPM;1.7.0_60 by Oracle Corporation at E:\Programmieren\01_Java\01_JDKs\jdk1.7.0_60\jre;Windows 7 6.1 on x86;1430151533355;1430151533402;47;MILLISECONDS;de.et.perf.file.access.StreamAccessor;E:\Programmieren\01_Java\03_Workspaces\02_CurrentProjects\EasyTag\EasyTagTest_Util\data\performanceTest\files;06_FUCKING_HUGE.txt;269935208;125000000;125000000;125000000;
MeasurementSession;1430151533308;Windows 7 home premium SP1 @AMD Phenom(tm) II X4 965@3.4GHz@8GB@7200UPM;1.7.0_60 by Oracle Corporation at E:\Programmieren\01_Java\01_JDKs\jdk1.7.0_60\jre;Windows 7 6.1 on x86;1430151533402;1430151533418;16;MILLISECONDS;de.et.perf.file.access.BufferedStreamAccessor;E:\Programmieren\01_Java\03_Workspaces\02_CurrentProjects\EasyTag\EasyTagTest_Util\data\performanceTest\files;06_FUCKING_HUGE.txt;269935208;125000000;125000000;125000000;
MeasurementSession;1430151533308;Windows 7 home premium SP1 @AMD Phenom(tm) II X4 965@3.4GHz@8GB@7200UPM;1.7.0_60 by Oracle Corporation at E:\Programmieren\01_Java\01_JDKs\jdk1.7.0_60\jre;Windows 7 6.1 on x86;1430151533418;1430151533433;15;MILLISECONDS;de.et.perf.file.access.MappedByteBufferAccessor;E:\Programmieren\01_Java\03_Workspaces\02_CurrentProjects\EasyTag\EasyTagTest_Util\data\performanceTest\files;06_FUCKING_HUGE.txt;269935208;125000000;125000000;125000000;
MeasurementSession;1430151746763;Windows 7 home premium SP1 @AMD Phenom(tm) II X4 965@3.4GHz@8GB@7200UPM;1.7.0_60 by Oracle Corporation at E:\Programmieren\01_Java\01_JDKs\jdk1.7.0_60\jre;Windows 7 6.1 on x86;1430151746772;1430151746773;1;MILLISECONDS;de.et.perf.file.access.RandomAccessFileAccessor;E:\Programmieren\01_Java\03_Workspaces\02_CurrentProjects\EasyTag\EasyTagTest_Util\data\performanceTest\files;01_SMALL.txt;610769;100;100;100;
MeasurementSession;1430151746763;Windows 7 home premium SP1 @AMD Phenom(tm) II X4 965@3.4GHz@8GB@7200UPM;1.7.0_60 by Oracle Corporation at E:\Programmieren\01_Java\01_JDKs\jdk1.7.0_60\jre;Windows 7 6.1 on x86;1430151746781;1430151746781;0;MILLISECONDS;de.et.perf.file.access.StreamAccessor;E:\Programmieren\01_Java\03_Workspaces\02_CurrentProjects\EasyTag\EasyTagTest_Util\data\performanceTest\files;01_SMALL.txt;610769;100;100;100;
MeasurementSession;1430151746763;Windows 7 home premium SP1 @AMD Phenom(tm) II X4 965@3.4GHz@8GB@7200UPM;1.7.0_60 by Oracle Corporation at E:\Programmieren\01_Java\01_JDKs\jdk1.7.0_60\jre;Windows 7 6.1 on x86;1430151746788;1430151746788;0;MILLISECONDS;de.et.perf.file.access.BufferedStreamAccessor;E:\Programmieren\01_Java\03_Workspaces\02_CurrentProjects\EasyTag\EasyTagTest_Util\data\performanceTest\files;01_SMALL.txt;610769;100;100;100;
MeasurementSession;1430151746763;Windows 7 home premium SP1 @AMD Phenom(tm) II X4 965@3.4GHz@8GB@7200UPM;1.7.0_60 by Oracle Corporation at E:\Programmieren\01_Java\01_JDKs\jdk1.7.0_60\jre;Windows 7 6.1 on x86;1430151746794;1430151746794;0;MILLISECONDS;de.et.perf.file.access.MappedByteBufferAccessor;E:\Programmieren\01_Java\03_Workspaces\02_CurrentProjects\EasyTag\EasyTagTest_Util\data\performanceTest\files;01_SMALL.txt;610769;100;100;100;
MeasurementSession;1430151746830;Windows 7 home premium SP1 @AMD Phenom(tm) II X4 965@3.4GHz@8GB@7200UPM;1.7.0_60 by Oracle Corporation at E:\Programmieren\01_Java\01_JDKs\jdk1.7.0_60\jre;Windows 7 6.1 on x86;1430151746832;1430151746832;0;MILLISECONDS;de.et.perf.file.access.RandomAccessFileAccessor;E:\Programmieren\01_Java\03_Workspaces\02_CurrentProjects\EasyTag\EasyTagTest_Util\data\performanceTest\files;02_SMALL_MEDIUM.txt;3738880;100;100;100;
MeasurementSession;1430151746830;Windows 7 home premium SP1 @AMD Phenom(tm) II X4 965@3.4GHz@8GB@7200UPM;1.7.0_60 by Oracle Corporation at E:\Programmieren\01_Java\01_JDKs\jdk1.7.0_60\jre;Windows 7 6.1 on x86;1430151746836;1430151746836;0;MILLISECONDS;de.et.perf.file.access.StreamAccessor;E:\Programmieren\01_Java\03_Workspaces\02_CurrentProjects\EasyTag\EasyTagTest_Util\data\performanceTest\files;02_SMALL_MEDIUM.txt;3738880;100;100;100;
MeasurementSession;1430151746830;Windows 7 home premium SP1 @AMD Phenom(tm) II X4 965@3.4GHz@8GB@7200UPM;1.7.0_60 by Oracle Corporation at E:\Programmieren\01_Java\01_JDKs\jdk1.7.0_60\jre;Windows 7 6.1 on x86;1430151746839;1430151746839;0;MILLISECONDS;de.et.perf.file.access.BufferedStreamAccessor;E:\Programmieren\01_Java\03_Workspaces\02_CurrentProjects\EasyTag\EasyTagTest_Util\data\performanceTest\files;02_SMALL_MEDIUM.txt;3738880;100;100;100;
MeasurementSession;1430151746830;Windows 7 home premium SP1 @AMD Phenom(tm) II X4 965@3.4GHz@8GB@7200UPM;1.7.0_60 by Oracle Corporation at E:\Programmieren\01_Java\01_JDKs\jdk1.7.0_60\jre;Windows 7 6.1 on x86;1430151746843;1430151746843;0;MILLISECONDS;de.et.perf.file.access.MappedByteBufferAccessor;E:\Programmieren\01_Java\03_Workspaces\02_CurrentProjects\EasyTag\EasyTagTest_Util\data\performanceTest\files;02_SMALL_MEDIUM.txt;3738880;100;100;100;
MeasurementSession;1430151746878;Windows 7 home premium SP1 @AMD Phenom(tm) II X4 965@3.4GHz@8GB@7200UPM;1.7.0_60 by Oracle Corporation at E:\Programmieren\01_Java\01_JDKs\jdk1.7.0_60\jre;Windows 7 6.1 on x86;1430151746879;1430151746880;1;MILLISECONDS;de.et.perf.file.access.RandomAccessFileAccessor;E:\Programmieren\01_Java\03_Workspaces\02_CurrentProjects\EasyTag\EasyTagTest_Util\data\performanceTest\files;03_MEDIUM.txt;5380131;100;100;100;
MeasurementSession;1430151746878;Windows 7 home premium SP1 @AMD Phenom(tm) II X4 965@3.4GHz@8GB@7200UPM;1.7.0_60 by Oracle Corporation at E:\Programmieren\01_Java\01_JDKs\jdk1.7.0_60\jre;Windows 7 6.1 on x86;1430151746881;1430151746881;0;MILLISECONDS;de.et.perf.file.access.StreamAccessor;E:\Programmieren\01_Java\03_Workspaces\02_CurrentProjects\EasyTag\EasyTagTest_Util\data\performanceTest\files;03_MEDIUM.txt;5380131;100;100;100;
MeasurementSession;1430151746878;Windows 7 home premium SP1 @AMD Phenom(tm) II X4 965@3.4GHz@8GB@7200UPM;1.7.0_60 by Oracle Corporation at E:\Programmieren\01_Java\01_JDKs\jdk1.7.0_60\jre;Windows 7 6.1 on x86;1430151746883;1430151746883;0;MILLISECONDS;de.et.perf.file.access.BufferedStreamAccessor;E:\Programmieren\01_Java\03_Workspaces\02_CurrentProjects\EasyTag\EasyTagTest_Util\data\performanceTest\files;03_MEDIUM.txt;5380131;100;100;100;
MeasurementSession;1430151746878;Windows 7 home premium SP1 @AMD Phenom(tm) II X4 965@3.4GHz@8GB@7200UPM;1.7.0_60 by Oracle Corporation at E:\Programmieren\01_Java\01_JDKs\jdk1.7.0_60\jre;Windows 7 6.1 on x86;1430151746885;1430151746885;0;MILLISECONDS;de.et.perf.file.access.MappedByteBufferAccessor;E:\Programmieren\01_Java\03_Workspaces\02_CurrentProjects\EasyTag\EasyTagTest_Util\data\performanceTest\files;03_MEDIUM.txt;5380131;100;100;100;
MeasurementSession;1430151746945;Windows 7 home premium SP1 @AMD Phenom(tm) II X4 965@3.4GHz@8GB@7200UPM;1.7.0_60 by Oracle Corporation at E:\Programmieren\01_Java\01_JDKs\jdk1.7.0_60\jre;Windows 7 6.1 on x86;1430151746946;1430151746946;0;MILLISECONDS;de.et.perf.file.access.RandomAccessFileAccessor;E:\Programmieren\01_Java\03_Workspaces\02_CurrentProjects\EasyTag\EasyTagTest_Util\data\performanceTest\files;04_BIG.txt;13168640;100;100;100;
MeasurementSession;1430151746945;Windows 7 home premium SP1 @AMD Phenom(tm) II X4 965@3.4GHz@8GB@7200UPM;1.7.0_60 by Oracle Corporation at E:\Programmieren\01_Java\01_JDKs\jdk1.7.0_60\jre;Windows 7 6.1 on x86;1430151746948;1430151746948;0;MILLISECONDS;de.et.perf.file.access.StreamAccessor;E:\Programmieren\01_Java\03_Workspaces\02_CurrentProjects\EasyTag\EasyTagTest_Util\data\performanceTest\files;04_BIG.txt;13168640;100;100;100;
MeasurementSession;1430151746945;Windows 7 home premium SP1 @AMD Phenom(tm) II X4 965@3.4GHz@8GB@7200UPM;1.7.0_60 by Oracle Corporation at E:\Programmieren\01_Java\01_JDKs\jdk1.7.0_60\jre;Windows 7 6.1 on x86;1430151746949;1430151746949;0;MILLISECONDS;de.et.perf.file.access.BufferedStreamAccessor;E:\Programmieren\01_Java\03_Workspaces\02_CurrentProjects\EasyTag\EasyTagTest_Util\data\performanceTest\files;04_BIG.txt;13168640;100;100;100;
MeasurementSession;1430151746945;Windows 7 home premium SP1 @AMD Phenom(tm) II X4 965@3.4GHz@8GB@7200UPM;1.7.0_60 by Oracle Corporation at E:\Programmieren\01_Java\01_JDKs\jdk1.7.0_60\jre;Windows 7 6.1 on x86;1430151746951;1430151746951;0;MILLISECONDS;de.et.perf.file.access.MappedByteBufferAccessor;E:\Programmieren\01_Java\03_Workspaces\02_CurrentProjects\EasyTag\EasyTagTest_Util\data\performanceTest\files;04_BIG.txt;13168640;100;100;100;
MeasurementSession;1430151747144;Windows 7 home premium SP1 @AMD Phenom(tm) II X4 965@3.4GHz@8GB@7200UPM;1.7.0_60 by Oracle Corporation at E:\Programmieren\01_Java\01_JDKs\jdk1.7.0_60\jre;Windows 7 6.1 on x86;1430151747145;1430151747145;0;MILLISECONDS;de.et.perf.file.access.RandomAccessFileAccessor;E:\Programmieren\01_Java\03_Workspaces\02_CurrentProjects\EasyTag\EasyTagTest_Util\data\performanceTest\files;05_LARGE.txt;55302424;100;100;100;
MeasurementSession;1430151747144;Windows 7 home premium SP1 @AMD Phenom(tm) II X4 965@3.4GHz@8GB@7200UPM;1.7.0_60 by Oracle Corporation at E:\Programmieren\01_Java\01_JDKs\jdk1.7.0_60\jre;Windows 7 6.1 on x86;1430151747146;1430151747146;0;MILLISECONDS;de.et.perf.file.access.StreamAccessor;E:\Programmieren\01_Java\03_Workspaces\02_CurrentProjects\EasyTag\EasyTagTest_Util\data\performanceTest\files;05_LARGE.txt;55302424;100;100;100;
MeasurementSession;1430151747144;Windows 7 home premium SP1 @AMD Phenom(tm) II X4 965@3.4GHz@8GB@7200UPM;1.7.0_60 by Oracle Corporation at E:\Programmieren\01_Java\01_JDKs\jdk1.7.0_60\jre;Windows 7 6.1 on x86;1430151747148;1430151747148;0;MILLISECONDS;de.et.perf.file.access.BufferedStreamAccessor;E:\Programmieren\01_Java\03_Workspaces\02_CurrentProjects\EasyTag\EasyTagTest_Util\data\performanceTest\files;05_LARGE.txt;55302424;100;100;100;
MeasurementSession;1430151747144;Windows 7 home premium SP1 @AMD Phenom(tm) II X4 965@3.4GHz@8GB@7200UPM;1.7.0_60 by Oracle Corporation at E:\Programmieren\01_Java\01_JDKs\jdk1.7.0_60\jre;Windows 7 6.1 on x86;1430151747149;1430151747149;0;MILLISECONDS;de.et.perf.file.access.MappedByteBufferAccessor;E:\Programmieren\01_Java\03_Workspaces\02_CurrentProjects\EasyTag\EasyTagTest_Util\data\performanceTest\files;05_LARGE.txt;55302424;100;100;100;
MeasurementSession;1430151749111;Windows 7 home premium SP1 @AMD Phenom(tm) II X4 965@3.4GHz@8GB@7200UPM;1.7.0_60 by Oracle Corporation at E:\Programmieren\01_Java\01_JDKs\jdk1.7.0_60\jre;Windows 7 6.1 on x86;1430151749112;1430151749113;1;MILLISECONDS;de.et.perf.file.access.RandomAccessFileAccessor;E:\Programmieren\01_Java\03_Workspaces\02_CurrentProjects\EasyTag\EasyTagTest_Util\data\performanceTest\files;06_FUCKING_HUGE.txt;269935208;100;100;100;
MeasurementSession;1430151749111;Windows 7 home premium SP1 @AMD Phenom(tm) II X4 965@3.4GHz@8GB@7200UPM;1.7.0_60 by Oracle Corporation at E:\Programmieren\01_Java\01_JDKs\jdk1.7.0_60\jre;Windows 7 6.1 on x86;1430151749115;1430151749115;0;MILLISECONDS;de.et.perf.file.access.StreamAccessor;E:\Programmieren\01_Java\03_Workspaces\02_CurrentProjects\EasyTag\EasyTagTest_Util\data\performanceTest\files;06_FUCKING_HUGE.txt;269935208;100;100;100;
MeasurementSession;1430151749111;Windows 7 home premium SP1 @AMD Phenom(tm) II X4 965@3.4GHz@8GB@7200UPM;1.7.0_60 by Oracle Corporation at E:\Programmieren\01_Java\01_JDKs\jdk1.7.0_60\jre;Windows 7 6.1 on x86;1430151749117;1430151749117;0;MILLISECONDS;de.et.perf.file.access.BufferedStreamAccessor;E:\Programmieren\01_Java\03_Workspaces\02_CurrentProjects\EasyTag\EasyTagTest_Util\data\performanceTest\files;06_FUCKING_HUGE.txt;269935208;100;100;100;
MeasurementSession;1430151749111;Windows 7 home premium SP1 @AMD Phenom(tm) II X4 965@3.4GHz@8GB@7200UPM;1.7.0_60 by Oracle Corporation at E:\Programmieren\01_Java\01_JDKs\jdk1.7.0_60\jre;Windows 7 6.1 on x86;1430151749120;1430151749120;0;MILLISECONDS;de.et.perf.file.access.MappedByteBufferAccessor;E:\Programmieren\01_Java\03_Workspaces\02_CurrentProjects\EasyTag\EasyTagTest_Util\data\performanceTest\files;06_FUCKING_HUGE.txt;269935208;100;100;100;
MeasurementSession;1430151750108;Windows 7 home premium SP1 @AMD Phenom(tm) II X4 965@3.4GHz@8GB@7200UPM;1.7.0_60 by Oracle Corporation at E:\Programmieren\01_Java\01_JDKs\jdk1.7.0_60\jre;Windows 7 6.1 on x86;1430151750109;1430151750109;0;MILLISECONDS;de.et.perf.file.access.RandomAccessFileAccessor;E:\Programmieren\01_Java\03_Workspaces\02_CurrentProjects\EasyTag\EasyTagTest_Util\data\performanceTest\files;01_SMALL.txt;610769;1000;1000;1000;
MeasurementSession;1430151750108;Windows 7 home premium SP1 @AMD Phenom(tm) II X4 965@3.4GHz@8GB@7200UPM;1.7.0_60 by Oracle Corporation at E:\Programmieren\01_Java\01_JDKs\jdk1.7.0_60\jre;Windows 7 6.1 on x86;1430151750111;1430151750111;0;MILLISECONDS;de.et.perf.file.access.StreamAccessor;E:\Programmieren\01_Java\03_Workspaces\02_CurrentProjects\EasyTag\EasyTagTest_Util\data\performanceTest\files;01_SMALL.txt;610769;1000;1000;1000;
MeasurementSession;1430151750108;Windows 7 home premium SP1 @AMD Phenom(tm) II X4 965@3.4GHz@8GB@7200UPM;1.7.0_60 by Oracle Corporation at E:\Programmieren\01_Java\01_JDKs\jdk1.7.0_60\jre;Windows 7 6.1 on x86;1430151750113;1430151750113;0;MILLISECONDS;de.et.perf.file.access.BufferedStreamAccessor;E:\Programmieren\01_Java\03_Workspaces\02_CurrentProjects\EasyTag\EasyTagTest_Util\data\performanceTest\files;01_SMALL.txt;610769;1000;1000;1000;
MeasurementSession;1430151750108;Windows 7 home premium SP1 @AMD Phenom(tm) II X4 965@3.4GHz@8GB@7200UPM;1.7.0_60 by Oracle Corporation at E:\Programmieren\01_Java\01_JDKs\jdk1.7.0_60\jre;Windows 7 6.1 on x86;1430151750116;1430151750116;0;MILLISECONDS;de.et.perf.file.access.MappedByteBufferAccessor;E:\Programmieren\01_Java\03_Workspaces\02_CurrentProjects\EasyTag\EasyTagTest_Util\data\performanceTest\files;01_SMALL.txt;610769;1000;1000;1000;
MeasurementSession;1430151750162;Windows 7 home premium SP1 @AMD Phenom(tm) II X4 965@3.4GHz@8GB@7200UPM;1.7.0_60 by Oracle Corporation at E:\Programmieren\01_Java\01_JDKs\jdk1.7.0_60\jre;Windows 7 6.1 on x86;1430151750163;1430151750163;0;MILLISECONDS;de.et.perf.file.access.RandomAccessFileAccessor;E:\Programmieren\01_Java\03_Workspaces\02_CurrentProjects\EasyTag\EasyTagTest_Util\data\performanceTest\files;02_SMALL_MEDIUM.txt;3738880;1000;1000;1000;
MeasurementSession;1430151750162;Windows 7 home premium SP1 @AMD Phenom(tm) II X4 965@3.4GHz@8GB@7200UPM;1.7.0_60 by Oracle Corporation at E:\Programmieren\01_Java\01_JDKs\jdk1.7.0_60\jre;Windows 7 6.1 on x86;1430151750165;1430151750165;0;MILLISECONDS;de.et.perf.file.access.StreamAccessor;E:\Programmieren\01_Java\03_Workspaces\02_CurrentProjects\EasyTag\EasyTagTest_Util\data\performanceTest\files;02_SMALL_MEDIUM.txt;3738880;1000;1000;1000;
MeasurementSession;1430151750162;Windows 7 home premium SP1 @AMD Phenom(tm) II X4 965@3.4GHz@8GB@7200UPM;1.7.0_60 by Oracle Corporation at E:\Programmieren\01_Java\01_JDKs\jdk1.7.0_60\jre;Windows 7 6.1 on x86;1430151750168;1430151750168;0;MILLISECONDS;de.et.perf.file.access.BufferedStreamAccessor;E:\Programmieren\01_Java\03_Workspaces\02_CurrentProjects\EasyTag\EasyTagTest_Util\data\performanceTest\files;02_SMALL_MEDIUM.txt;3738880;1000;1000;1000;
MeasurementSession;1430151750162;Windows 7 home premium SP1 @AMD Phenom(tm) II X4 965@3.4GHz@8GB@7200UPM;1.7.0_60 by Oracle Corporation at E:\Programmieren\01_Java\01_JDKs\jdk1.7.0_60\jre;Windows 7 6.1 on x86;1430151750170;1430151750170;0;MILLISECONDS;de.et.perf.file.access.MappedByteBufferAccessor;E:\Programmieren\01_Java\03_Workspaces\02_CurrentProjects\EasyTag\EasyTagTest_Util\data\performanceTest\files;02_SMALL_MEDIUM.txt;3738880;1000;1000;1000;
MeasurementSession;1430151750220;Windows 7 home premium SP1 @AMD Phenom(tm) II X4 965@3.4GHz@8GB@7200UPM;1.7.0_60 by Oracle Corporation at E:\Programmieren\01_Java\01_JDKs\jdk1.7.0_60\jre;Windows 7 6.1 on x86;1430151750221;1430151750222;1;MILLISECONDS;de.et.perf.file.access.RandomAccessFileAccessor;E:\Programmieren\01_Java\03_Workspaces\02_CurrentProjects\EasyTag\EasyTagTest_Util\data\performanceTest\files;03_MEDIUM.txt;5380131;1000;1000;1000;
MeasurementSession;1430151750220;Windows 7 home premium SP1 @AMD Phenom(tm) II X4 965@3.4GHz@8GB@7200UPM;1.7.0_60 by Oracle Corporation at E:\Programmieren\01_Java\01_JDKs\jdk1.7.0_60\jre;Windows 7 6.1 on x86;1430151750223;1430151750223;0;MILLISECONDS;de.et.perf.file.access.StreamAccessor;E:\Programmieren\01_Java\03_Workspaces\02_CurrentProjects\EasyTag\EasyTagTest_Util\data\performanceTest\files;03_MEDIUM.txt;5380131;1000;1000;1000;
MeasurementSession;1430151750220;Windows 7 home premium SP1 @AMD Phenom(tm) II X4 965@3.4GHz@8GB@7200UPM;1.7.0_60 by Oracle Corporation at E:\Programmieren\01_Java\01_JDKs\jdk1.7.0_60\jre;Windows 7 6.1 on x86;1430151750224;1430151750224;0;MILLISECONDS;de.et.perf.file.access.BufferedStreamAccessor;E:\Programmieren\01_Java\03_Workspaces\02_CurrentProjects\EasyTag\EasyTagTest_Util\data\performanceTest\files;03_MEDIUM.txt;5380131;1000;1000;1000;
MeasurementSession;1430151750220;Windows 7 home premium SP1 @AMD Phenom(tm) II X4 965@3.4GHz@8GB@7200UPM;1.7.0_60 by Oracle Corporation at E:\Programmieren\01_Java\01_JDKs\jdk1.7.0_60\jre;Windows 7 6.1 on x86;1430151750225;1430151750225;0;MILLISECONDS;de.et.perf.file.access.MappedByteBufferAccessor;E:\Programmieren\01_Java\03_Workspaces\02_CurrentProjects\EasyTag\EasyTagTest_Util\data\performanceTest\files;03_MEDIUM.txt;5380131;1000;1000;1000;
MeasurementSession;1430151750316;Windows 7 home premium SP1 @AMD Phenom(tm) II X4 965@3.4GHz@8GB@7200UPM;1.7.0_60 by Oracle Corporation at E:\Programmieren\01_Java\01_JDKs\jdk1.7.0_60\jre;Windows 7 6.1 on x86;1430151750317;1430151750317;0;MILLISECONDS;de.et.perf.file.access.RandomAccessFileAccessor;E:\Programmieren\01_Java\03_Workspaces\02_CurrentProjects\EasyTag\EasyTagTest_Util\data\performanceTest\files;04_BIG.txt;13168640;1000;1000;1000;
MeasurementSession;1430151750316;Windows 7 home premium SP1 @AMD Phenom(tm) II X4 965@3.4GHz@8GB@7200UPM;1.7.0_60 by Oracle Corporation at E:\Programmieren\01_Java\01_JDKs\jdk1.7.0_60\jre;Windows 7 6.1 on x86;1430151750318;1430151750318;0;MILLISECONDS;de.et.perf.file.access.StreamAccessor;E:\Programmieren\01_Java\03_Workspaces\02_CurrentProjects\EasyTag\EasyTagTest_Util\data\performanceTest\files;04_BIG.txt;13168640;1000;1000;1000;
MeasurementSession;1430151750316;Windows 7 home premium SP1 @AMD Phenom(tm) II X4 965@3.4GHz@8GB@7200UPM;1.7.0_60 by Oracle Corporation at E:\Programmieren\01_Java\01_JDKs\jdk1.7.0_60\jre;Windows 7 6.1 on x86;1430151750319;1430151750319;0;MILLISECONDS;de.et.perf.file.access.BufferedStreamAccessor;E:\Programmieren\01_Java\03_Workspaces\02_CurrentProjects\EasyTag\EasyTagTest_Util\data\performanceTest\files;04_BIG.txt;13168640;1000;1000;1000;
MeasurementSession;1430151750316;Windows 7 home premium SP1 @AMD Phenom(tm) II X4 965@3.4GHz@8GB@7200UPM;1.7.0_60 by Oracle Corporation at E:\Programmieren\01_Java\01_JDKs\jdk1.7.0_60\jre;Windows 7 6.1 on x86;1430151750321;1430151750321;0;MILLISECONDS;de.et.perf.file.access.MappedByteBufferAccessor;E:\Programmieren\01_Java\03_Workspaces\02_CurrentProjects\EasyTag\EasyTagTest_Util\data\performanceTest\files;04_BIG.txt;13168640;1000;1000;1000;
MeasurementSession;1430151751133;Windows 7 home premium SP1 @AMD Phenom(tm) II X4 965@3.4GHz@8GB@7200UPM;1.7.0_60 by Oracle Corporation at E:\Programmieren\01_Java\01_JDKs\jdk1.7.0_60\jre;Windows 7 6.1 on x86;1430151751137;1430151751137;0;MILLISECONDS;de.et.perf.file.access.RandomAccessFileAccessor;E:\Programmieren\01_Java\03_Workspaces\02_CurrentProjects\EasyTag\EasyTagTest_Util\data\performanceTest\files;05_LARGE.txt;55302424;1000;1000;1000;
MeasurementSession;1430151751133;Windows 7 home premium SP1 @AMD Phenom(tm) II X4 965@3.4GHz@8GB@7200UPM;1.7.0_60 by Oracle Corporation at E:\Programmieren\01_Java\01_JDKs\jdk1.7.0_60\jre;Windows 7 6.1 on x86;1430151751142;1430151751142;0;MILLISECONDS;de.et.perf.file.access.StreamAccessor;E:\Programmieren\01_Java\03_Workspaces\02_CurrentProjects\EasyTag\EasyTagTest_Util\data\performanceTest\files;05_LARGE.txt;55302424;1000;1000;1000;
MeasurementSession;1430151751133;Windows 7 home premium SP1 @AMD Phenom(tm) II X4 965@3.4GHz@8GB@7200UPM;1.7.0_60 by Oracle Corporation at E:\Programmieren\01_Java\01_JDKs\jdk1.7.0_60\jre;Windows 7 6.1 on x86;1430151751148;1430151751148;0;MILLISECONDS;de.et.perf.file.access.BufferedStreamAccessor;E:\Programmieren\01_Java\03_Workspaces\02_CurrentProjects\EasyTag\EasyTagTest_Util\data\performanceTest\files;05_LARGE.txt;55302424;1000;1000;1000;
MeasurementSession;1430151751133;Windows 7 home premium SP1 @AMD Phenom(tm) II X4 965@3.4GHz@8GB@7200UPM;1.7.0_60 by Oracle Corporation at E:\Programmieren\01_Java\01_JDKs\jdk1.7.0_60\jre;Windows 7 6.1 on x86;1430151751153;1430151751153;0;MILLISECONDS;de.et.perf.file.access.MappedByteBufferAccessor;E:\Programmieren\01_Java\03_Workspaces\02_CurrentProjects\EasyTag\EasyTagTest_Util\data\performanceTest\files;05_LARGE.txt;55302424;1000;1000;1000;
MeasurementSession;1430151757612;Windows 7 home premium SP1 @AMD Phenom(tm) II X4 965@3.4GHz@8GB@7200UPM;1.7.0_60 by Oracle Corporation at E:\Programmieren\01_Java\01_JDKs\jdk1.7.0_60\jre;Windows 7 6.1 on x86;1430151757613;1430151757613;0;MILLISECONDS;de.et.perf.file.access.RandomAccessFileAccessor;E:\Programmieren\01_Java\03_Workspaces\02_CurrentProjects\EasyTag\EasyTagTest_Util\data\performanceTest\files;06_FUCKING_HUGE.txt;269935208;1000;1000;1000;
MeasurementSession;1430151757612;Windows 7 home premium SP1 @AMD Phenom(tm) II X4 965@3.4GHz@8GB@7200UPM;1.7.0_60 by Oracle Corporation at E:\Programmieren\01_Java\01_JDKs\jdk1.7.0_60\jre;Windows 7 6.1 on x86;1430151757614;1430151757614;0;MILLISECONDS;de.et.perf.file.access.StreamAccessor;E:\Programmieren\01_Java\03_Workspaces\02_CurrentProjects\EasyTag\EasyTagTest_Util\data\performanceTest\files;06_FUCKING_HUGE.txt;269935208;1000;1000;1000;
MeasurementSession;1430151757612;Windows 7 home premium SP1 @AMD Phenom(tm) II X4 965@3.4GHz@8GB@7200UPM;1.7.0_60 by Oracle Corporation at E:\Programmieren\01_Java\01_JDKs\jdk1.7.0_60\jre;Windows 7 6.1 on x86;1430151757616;1430151757616;0;MILLISECONDS;de.et.perf.file.access.BufferedStreamAccessor;E:\Programmieren\01_Java\03_Workspaces\02_CurrentProjects\EasyTag\EasyTagTest_Util\data\performanceTest\files;06_FUCKING_HUGE.txt;269935208;1000;1000;1000;
MeasurementSession;1430151757612;Windows 7 home premium SP1 @AMD Phenom(tm) II X4 965@3.4GHz@8GB@7200UPM;1.7.0_60 by Oracle Corporation at E:\Programmieren\01_Java\01_JDKs\jdk1.7.0_60\jre;Windows 7 6.1 on x86;1430151757617;1430151757617;0;MILLISECONDS;de.et.perf.file.access.MappedByteBufferAccessor;E:\Programmieren\01_Java\03_Workspaces\02_CurrentProjects\EasyTag\EasyTagTest_Util\data\performanceTest\files;06_FUCKING_HUGE.txt;269935208;1000;1000;1000;
MeasurementSession;1430151758273;Windows 7 home premium SP1 @AMD Phenom(tm) II X4 965@3.4GHz@8GB@7200UPM;1.7.0_60 by Oracle Corporation at E:\Programmieren\01_Java\01_JDKs\jdk1.7.0_60\jre;Windows 7 6.1 on x86;1430151758274;1430151758274;0;MILLISECONDS;de.et.perf.file.access.RandomAccessFileAccessor;E:\Programmieren\01_Java\03_Workspaces\02_CurrentProjects\EasyTag\EasyTagTest_Util\data\performanceTest\files;01_SMALL.txt;610769;10000;10000;10000;
MeasurementSession;1430151758273;Windows 7 home premium SP1 @AMD Phenom(tm) II X4 965@3.4GHz@8GB@7200UPM;1.7.0_60 by Oracle Corporation at E:\Programmieren\01_Java\01_JDKs\jdk1.7.0_60\jre;Windows 7 6.1 on x86;1430151758276;1430151758277;1;MILLISECONDS;de.et.perf.file.access.StreamAccessor;E:\Programmieren\01_Java\03_Workspaces\02_CurrentProjects\EasyTag\EasyTagTest_Util\data\performanceTest\files;01_SMALL.txt;610769;10000;10000;10000;
MeasurementSession;1430151758273;Windows 7 home premium SP1 @AMD Phenom(tm) II X4 965@3.4GHz@8GB@7200UPM;1.7.0_60 by Oracle Corporation at E:\Programmieren\01_Java\01_JDKs\jdk1.7.0_60\jre;Windows 7 6.1 on x86;1430151758278;1430151758279;1;MILLISECONDS;de.et.perf.file.access.BufferedStreamAccessor;E:\Programmieren\01_Java\03_Workspaces\02_CurrentProjects\EasyTag\EasyTagTest_Util\data\performanceTest\files;01_SMALL.txt;610769;10000;10000;10000;
MeasurementSession;1430151758273;Windows 7 home premium SP1 @AMD Phenom(tm) II X4 965@3.4GHz@8GB@7200UPM;1.7.0_60 by Oracle Corporation at E:\Programmieren\01_Java\01_JDKs\jdk1.7.0_60\jre;Windows 7 6.1 on x86;1430151758281;1430151758281;0;MILLISECONDS;de.et.perf.file.access.MappedByteBufferAccessor;E:\Programmieren\01_Java\03_Workspaces\02_CurrentProjects\EasyTag\EasyTagTest_Util\data\performanceTest\files;01_SMALL.txt;610769;10000;10000;10000;
MeasurementSession;1430151758416;Windows 7 home premium SP1 @AMD Phenom(tm) II X4 965@3.4GHz@8GB@7200UPM;1.7.0_60 by Oracle Corporation at E:\Programmieren\01_Java\01_JDKs\jdk1.7.0_60\jre;Windows 7 6.1 on x86;1430151758418;1430151758418;0;MILLISECONDS;de.et.perf.file.access.RandomAccessFileAccessor;E:\Programmieren\01_Java\03_Workspaces\02_CurrentProjects\EasyTag\EasyTagTest_Util\data\performanceTest\files;02_SMALL_MEDIUM.txt;3738880;10000;10000;10000;
MeasurementSession;1430151758416;Windows 7 home premium SP1 @AMD Phenom(tm) II X4 965@3.4GHz@8GB@7200UPM;1.7.0_60 by Oracle Corporation at E:\Programmieren\01_Java\01_JDKs\jdk1.7.0_60\jre;Windows 7 6.1 on x86;1430151758420;1430151758420;0;MILLISECONDS;de.et.perf.file.access.StreamAccessor;E:\Programmieren\01_Java\03_Workspaces\02_CurrentProjects\EasyTag\EasyTagTest_Util\data\performanceTest\files;02_SMALL_MEDIUM.txt;3738880;10000;10000;10000;
MeasurementSession;1430151758416;Windows 7 home premium SP1 @AMD Phenom(tm) II X4 965@3.4GHz@8GB@7200UPM;1.7.0_60 by Oracle Corporation at E:\Programmieren\01_Java\01_JDKs\jdk1.7.0_60\jre;Windows 7 6.1 on x86;1430151758422;1430151758422;0;MILLISECONDS;de.et.perf.file.access.BufferedStreamAccessor;E:\Programmieren\01_Java\03_Workspaces\02_CurrentProjects\EasyTag\EasyTagTest_Util\data\performanceTest\files;02_SMALL_MEDIUM.txt;3738880;10000;10000;10000;
MeasurementSession;1430151758416;Windows 7 home premium SP1 @AMD Phenom(tm) II X4 965@3.4GHz@8GB@7200UPM;1.7.0_60 by Oracle Corporation at E:\Programmieren\01_Java\01_JDKs\jdk1.7.0_60\jre;Windows 7 6.1 on x86;1430151758424;1430151758424;0;MILLISECONDS;de.et.perf.file.access.MappedByteBufferAccessor;E:\Programmieren\01_Java\03_Workspaces\02_CurrentProjects\EasyTag\EasyTagTest_Util\data\performanceTest\files;02_SMALL_MEDIUM.txt;3738880;10000;10000;10000;
MeasurementSession;1430151758488;Windows 7 home premium SP1 @AMD Phenom(tm) II X4 965@3.4GHz@8GB@7200UPM;1.7.0_60 by Oracle Corporation at E:\Programmieren\01_Java\01_JDKs\jdk1.7.0_60\jre;Windows 7 6.1 on x86;1430151758489;1430151758489;0;MILLISECONDS;de.et.perf.file.access.RandomAccessFileAccessor;E:\Programmieren\01_Java\03_Workspaces\02_CurrentProjects\EasyTag\EasyTagTest_Util\data\performanceTest\files;03_MEDIUM.txt;5380131;10000;10000;10000;
MeasurementSession;1430151758488;Windows 7 home premium SP1 @AMD Phenom(tm) II X4 965@3.4GHz@8GB@7200UPM;1.7.0_60 by Oracle Corporation at E:\Programmieren\01_Java\01_JDKs\jdk1.7.0_60\jre;Windows 7 6.1 on x86;1430151758490;1430151758490;0;MILLISECONDS;de.et.perf.file.access.StreamAccessor;E:\Programmieren\01_Java\03_Workspaces\02_CurrentProjects\EasyTag\EasyTagTest_Util\data\performanceTest\files;03_MEDIUM.txt;5380131;10000;10000;10000;
MeasurementSession;1430151758488;Windows 7 home premium SP1 @AMD Phenom(tm) II X4 965@3.4GHz@8GB@7200UPM;1.7.0_60 by Oracle Corporation at E:\Programmieren\01_Java\01_JDKs\jdk1.7.0_60\jre;Windows 7 6.1 on x86;1430151758491;1430151758491;0;MILLISECONDS;de.et.perf.file.access.BufferedStreamAccessor;E:\Programmieren\01_Java\03_Workspaces\02_CurrentProjects\EasyTag\EasyTagTest_Util\data\performanceTest\files;03_MEDIUM.txt;5380131;10000;10000;10000;
MeasurementSession;1430151758488;Windows 7 home premium SP1 @AMD Phenom(tm) II X4 965@3.4GHz@8GB@7200UPM;1.7.0_60 by Oracle Corporation at E:\Programmieren\01_Java\01_JDKs\jdk1.7.0_60\jre;Windows 7 6.1 on x86;1430151758492;1430151758492;0;MILLISECONDS;de.et.perf.file.access.MappedByteBufferAccessor;E:\Programmieren\01_Java\03_Workspaces\02_CurrentProjects\EasyTag\EasyTagTest_Util\data\performanceTest\files;03_MEDIUM.txt;5380131;10000;10000;10000;
MeasurementSession;1430151758622;Windows 7 home premium SP1 @AMD Phenom(tm) II X4 965@3.4GHz@8GB@7200UPM;1.7.0_60 by Oracle Corporation at E:\Programmieren\01_Java\01_JDKs\jdk1.7.0_60\jre;Windows 7 6.1 on x86;1430151758624;1430151758624;0;MILLISECONDS;de.et.perf.file.access.RandomAccessFileAccessor;E:\Programmieren\01_Java\03_Workspaces\02_CurrentProjects\EasyTag\EasyTagTest_Util\data\performanceTest\files;04_BIG.txt;13168640;10000;10000;10000;
MeasurementSession;1430151758622;Windows 7 home premium SP1 @AMD Phenom(tm) II X4 965@3.4GHz@8GB@7200UPM;1.7.0_60 by Oracle Corporation at E:\Programmieren\01_Java\01_JDKs\jdk1.7.0_60\jre;Windows 7 6.1 on x86;1430151758625;1430151758626;1;MILLISECONDS;de.et.perf.file.access.StreamAccessor;E:\Programmieren\01_Java\03_Workspaces\02_CurrentProjects\EasyTag\EasyTagTest_Util\data\performanceTest\files;04_BIG.txt;13168640;10000;10000;10000;
MeasurementSession;1430151758622;Windows 7 home premium SP1 @AMD Phenom(tm) II X4 965@3.4GHz@8GB@7200UPM;1.7.0_60 by Oracle Corporation at E:\Programmieren\01_Java\01_JDKs\jdk1.7.0_60\jre;Windows 7 6.1 on x86;1430151758627;1430151758627;0;MILLISECONDS;de.et.perf.file.access.BufferedStreamAccessor;E:\Programmieren\01_Java\03_Workspaces\02_CurrentProjects\EasyTag\EasyTagTest_Util\data\performanceTest\files;04_BIG.txt;13168640;10000;10000;10000;
MeasurementSession;1430151758622;Windows 7 home premium SP1 @AMD Phenom(tm) II X4 965@3.4GHz@8GB@7200UPM;1.7.0_60 by Oracle Corporation at E:\Programmieren\01_Java\01_JDKs\jdk1.7.0_60\jre;Windows 7 6.1 on x86;1430151758629;1430151758629;0;MILLISECONDS;de.et.perf.file.access.MappedByteBufferAccessor;E:\Programmieren\01_Java\03_Workspaces\02_CurrentProjects\EasyTag\EasyTagTest_Util\data\performanceTest\files;04_BIG.txt;13168640;10000;10000;10000;
MeasurementSession;1430151759486;Windows 7 home premium SP1 @AMD Phenom(tm) II X4 965@3.4GHz@8GB@7200UPM;1.7.0_60 by Oracle Corporation at E:\Programmieren\01_Java\01_JDKs\jdk1.7.0_60\jre;Windows 7 6.1 on x86;1430151759487;1430151759487;0;MILLISECONDS;de.et.perf.file.access.RandomAccessFileAccessor;E:\Programmieren\01_Java\03_Workspaces\02_CurrentProjects\EasyTag\EasyTagTest_Util\data\performanceTest\files;05_LARGE.txt;55302424;10000;10000;10000;
MeasurementSession;1430151759486;Windows 7 home premium SP1 @AMD Phenom(tm) II X4 965@3.4GHz@8GB@7200UPM;1.7.0_60 by Oracle Corporation at E:\Programmieren\01_Java\01_JDKs\jdk1.7.0_60\jre;Windows 7 6.1 on x86;1430151759489;1430151759489;0;MILLISECONDS;de.et.perf.file.access.StreamAccessor;E:\Programmieren\01_Java\03_Workspaces\02_CurrentProjects\EasyTag\EasyTagTest_Util\data\performanceTest\files;05_LARGE.txt;55302424;10000;10000;10000;
MeasurementSession;1430151759486;Windows 7 home premium SP1 @AMD Phenom(tm) II X4 965@3.4GHz@8GB@7200UPM;1.7.0_60 by Oracle Corporation at E:\Programmieren\01_Java\01_JDKs\jdk1.7.0_60\jre;Windows 7 6.1 on x86;1430151759490;1430151759491;1;MILLISECONDS;de.et.perf.file.access.BufferedStreamAccessor;E:\Programmieren\01_Java\03_Workspaces\02_CurrentProjects\EasyTag\EasyTagTest_Util\data\performanceTest\files;05_LARGE.txt;55302424;10000;10000;10000;
MeasurementSession;1430151759486;Windows 7 home premium SP1 @AMD Phenom(tm) II X4 965@3.4GHz@8GB@7200UPM;1.7.0_60 by Oracle Corporation at E:\Programmieren\01_Java\01_JDKs\jdk1.7.0_60\jre;Windows 7 6.1 on x86;1430151759492;1430151759492;0;MILLISECONDS;de.et.perf.file.access.MappedByteBufferAccessor;E:\Programmieren\01_Java\03_Workspaces\02_CurrentProjects\EasyTag\EasyTagTest_Util\data\performanceTest\files;05_LARGE.txt;55302424;10000;10000;10000;
MeasurementSession;1430151766271;Windows 7 home premium SP1 @AMD Phenom(tm) II X4 965@3.4GHz@8GB@7200UPM;1.7.0_60 by Oracle Corporation at E:\Programmieren\01_Java\01_JDKs\jdk1.7.0_60\jre;Windows 7 6.1 on x86;1430151766271;1430151766271;0;MILLISECONDS;de.et.perf.file.access.RandomAccessFileAccessor;E:\Programmieren\01_Java\03_Workspaces\02_CurrentProjects\EasyTag\EasyTagTest_Util\data\performanceTest\files;06_FUCKING_HUGE.txt;269935208;10000;10000;10000;
MeasurementSession;1430151766271;Windows 7 home premium SP1 @AMD Phenom(tm) II X4 965@3.4GHz@8GB@7200UPM;1.7.0_60 by Oracle Corporation at E:\Programmieren\01_Java\01_JDKs\jdk1.7.0_60\jre;Windows 7 6.1 on x86;1430151766271;1430151766271;0;MILLISECONDS;de.et.perf.file.access.StreamAccessor;E:\Programmieren\01_Java\03_Workspaces\02_CurrentProjects\EasyTag\EasyTagTest_Util\data\performanceTest\files;06_FUCKING_HUGE.txt;269935208;10000;10000;10000;
MeasurementSession;1430151766271;Windows 7 home premium SP1 @AMD Phenom(tm) II X4 965@3.4GHz@8GB@7200UPM;1.7.0_60 by Oracle Corporation at E:\Programmieren\01_Java\01_JDKs\jdk1.7.0_60\jre;Windows 7 6.1 on x86;1430151766271;1430151766271;0;MILLISECONDS;de.et.perf.file.access.BufferedStreamAccessor;E:\Programmieren\01_Java\03_Workspaces\02_CurrentProjects\EasyTag\EasyTagTest_Util\data\performanceTest\files;06_FUCKING_HUGE.txt;269935208;10000;10000;10000;
MeasurementSession;1430151766271;Windows 7 home premium SP1 @AMD Phenom(tm) II X4 965@3.4GHz@8GB@7200UPM;1.7.0_60 by Oracle Corporation at E:\Programmieren\01_Java\01_JDKs\jdk1.7.0_60\jre;Windows 7 6.1 on x86;1430151766271;1430151766271;0;MILLISECONDS;de.et.perf.file.access.MappedByteBufferAccessor;E:\Programmieren\01_Java\03_Workspaces\02_CurrentProjects\EasyTag\EasyTagTest_Util\data\performanceTest\files;06_FUCKING_HUGE.txt;269935208;10000;10000;10000;
MeasurementSession;1430151766568;Windows 7 home premium SP1 @AMD Phenom(tm) II X4 965@3.4GHz@8GB@7200UPM;1.7.0_60 by Oracle Corporation at E:\Programmieren\01_Java\01_JDKs\jdk1.7.0_60\jre;Windows 7 6.1 on x86;1430151766584;1430151766584;0;MILLISECONDS;de.et.perf.file.access.RandomAccessFileAccessor;E:\Programmieren\01_Java\03_Workspaces\02_CurrentProjects\EasyTag\EasyTagTest_Util\data\performanceTest\files;01_SMALL.txt;610769;100000;100000;100000;
MeasurementSession;1430151766568;Windows 7 home premium SP1 @AMD Phenom(tm) II X4 965@3.4GHz@8GB@7200UPM;1.7.0_60 by Oracle Corporation at E:\Programmieren\01_Java\01_JDKs\jdk1.7.0_60\jre;Windows 7 6.1 on x86;1430151766584;1430151766584;0;MILLISECONDS;de.et.perf.file.access.StreamAccessor;E:\Programmieren\01_Java\03_Workspaces\02_CurrentProjects\EasyTag\EasyTagTest_Util\data\performanceTest\files;01_SMALL.txt;610769;100000;100000;100000;
MeasurementSession;1430151766568;Windows 7 home premium SP1 @AMD Phenom(tm) II X4 965@3.4GHz@8GB@7200UPM;1.7.0_60 by Oracle Corporation at E:\Programmieren\01_Java\01_JDKs\jdk1.7.0_60\jre;Windows 7 6.1 on x86;1430151766584;1430151766584;0;MILLISECONDS;de.et.perf.file.access.BufferedStreamAccessor;E:\Programmieren\01_Java\03_Workspaces\02_CurrentProjects\EasyTag\EasyTagTest_Util\data\performanceTest\files;01_SMALL.txt;610769;100000;100000;100000;
MeasurementSession;1430151766568;Windows 7 home premium SP1 @AMD Phenom(tm) II X4 965@3.4GHz@8GB@7200UPM;1.7.0_60 by Oracle Corporation at E:\Programmieren\01_Java\01_JDKs\jdk1.7.0_60\jre;Windows 7 6.1 on x86;1430151766599;1430151766599;0;MILLISECONDS;de.et.perf.file.access.MappedByteBufferAccessor;E:\Programmieren\01_Java\03_Workspaces\02_CurrentProjects\EasyTag\EasyTagTest_Util\data\performanceTest\files;01_SMALL.txt;610769;100000;100000;100000;
MeasurementSession;1430151766693;Windows 7 home premium SP1 @AMD Phenom(tm) II X4 965@3.4GHz@8GB@7200UPM;1.7.0_60 by Oracle Corporation at E:\Programmieren\01_Java\01_JDKs\jdk1.7.0_60\jre;Windows 7 6.1 on x86;1430151766693;1430151766693;0;MILLISECONDS;de.et.perf.file.access.RandomAccessFileAccessor;E:\Programmieren\01_Java\03_Workspaces\02_CurrentProjects\EasyTag\EasyTagTest_Util\data\performanceTest\files;02_SMALL_MEDIUM.txt;3738880;100000;100000;100000;
MeasurementSession;1430151766693;Windows 7 home premium SP1 @AMD Phenom(tm) II X4 965@3.4GHz@8GB@7200UPM;1.7.0_60 by Oracle Corporation at E:\Programmieren\01_Java\01_JDKs\jdk1.7.0_60\jre;Windows 7 6.1 on x86;1430151766693;1430151766693;0;MILLISECONDS;de.et.perf.file.access.StreamAccessor;E:\Programmieren\01_Java\03_Workspaces\02_CurrentProjects\EasyTag\EasyTagTest_Util\data\performanceTest\files;02_SMALL_MEDIUM.txt;3738880;100000;100000;100000;
MeasurementSession;1430151766693;Windows 7 home premium SP1 @AMD Phenom(tm) II X4 965@3.4GHz@8GB@7200UPM;1.7.0_60 by Oracle Corporation at E:\Programmieren\01_Java\01_JDKs\jdk1.7.0_60\jre;Windows 7 6.1 on x86;1430151766708;1430151766708;0;MILLISECONDS;de.et.perf.file.access.BufferedStreamAccessor;E:\Programmieren\01_Java\03_Workspaces\02_CurrentProjects\EasyTag\EasyTagTest_Util\data\performanceTest\files;02_SMALL_MEDIUM.txt;3738880;100000;100000;100000;
MeasurementSession;1430151766693;Windows 7 home premium SP1 @AMD Phenom(tm) II X4 965@3.4GHz@8GB@7200UPM;1.7.0_60 by Oracle Corporation at E:\Programmieren\01_Java\01_JDKs\jdk1.7.0_60\jre;Windows 7 6.1 on x86;1430151766708;1430151766708;0;MILLISECONDS;de.et.perf.file.access.MappedByteBufferAccessor;E:\Programmieren\01_Java\03_Workspaces\02_CurrentProjects\EasyTag\EasyTagTest_Util\data\performanceTest\files;02_SMALL_MEDIUM.txt;3738880;100000;100000;100000;
MeasurementSession;1430151766771;Windows 7 home premium SP1 @AMD Phenom(tm) II X4 965@3.4GHz@8GB@7200UPM;1.7.0_60 by Oracle Corporation at E:\Programmieren\01_Java\01_JDKs\jdk1.7.0_60\jre;Windows 7 6.1 on x86;1430151766771;1430151766771;0;MILLISECONDS;de.et.perf.file.access.RandomAccessFileAccessor;E:\Programmieren\01_Java\03_Workspaces\02_CurrentProjects\EasyTag\EasyTagTest_Util\data\performanceTest\files;03_MEDIUM.txt;5380131;100000;100000;100000;
MeasurementSession;1430151766771;Windows 7 home premium SP1 @AMD Phenom(tm) II X4 965@3.4GHz@8GB@7200UPM;1.7.0_60 by Oracle Corporation at E:\Programmieren\01_Java\01_JDKs\jdk1.7.0_60\jre;Windows 7 6.1 on x86;1430151766771;1430151766771;0;MILLISECONDS;de.et.perf.file.access.StreamAccessor;E:\Programmieren\01_Java\03_Workspaces\02_CurrentProjects\EasyTag\EasyTagTest_Util\data\performanceTest\files;03_MEDIUM.txt;5380131;100000;100000;100000;
MeasurementSession;1430151766771;Windows 7 home premium SP1 @AMD Phenom(tm) II X4 965@3.4GHz@8GB@7200UPM;1.7.0_60 by Oracle Corporation at E:\Programmieren\01_Java\01_JDKs\jdk1.7.0_60\jre;Windows 7 6.1 on x86;1430151766771;1430151766771;0;MILLISECONDS;de.et.perf.file.access.BufferedStreamAccessor;E:\Programmieren\01_Java\03_Workspaces\02_CurrentProjects\EasyTag\EasyTagTest_Util\data\performanceTest\files;03_MEDIUM.txt;5380131;100000;100000;100000;
MeasurementSession;1430151766771;Windows 7 home premium SP1 @AMD Phenom(tm) II X4 965@3.4GHz@8GB@7200UPM;1.7.0_60 by Oracle Corporation at E:\Programmieren\01_Java\01_JDKs\jdk1.7.0_60\jre;Windows 7 6.1 on x86;1430151766771;1430151766771;0;MILLISECONDS;de.et.perf.file.access.MappedByteBufferAccessor;E:\Programmieren\01_Java\03_Workspaces\02_CurrentProjects\EasyTag\EasyTagTest_Util\data\performanceTest\files;03_MEDIUM.txt;5380131;100000;100000;100000;
MeasurementSession;1430151766880;Windows 7 home premium SP1 @AMD Phenom(tm) II X4 965@3.4GHz@8GB@7200UPM;1.7.0_60 by Oracle Corporation at E:\Programmieren\01_Java\01_JDKs\jdk1.7.0_60\jre;Windows 7 6.1 on x86;1430151766880;1430151766880;0;MILLISECONDS;de.et.perf.file.access.RandomAccessFileAccessor;E:\Programmieren\01_Java\03_Workspaces\02_CurrentProjects\EasyTag\EasyTagTest_Util\data\performanceTest\files;04_BIG.txt;13168640;100000;100000;100000;
MeasurementSession;1430151766880;Windows 7 home premium SP1 @AMD Phenom(tm) II X4 965@3.4GHz@8GB@7200UPM;1.7.0_60 by Oracle Corporation at E:\Programmieren\01_Java\01_JDKs\jdk1.7.0_60\jre;Windows 7 6.1 on x86;1430151766880;1430151766880;0;MILLISECONDS;de.et.perf.file.access.StreamAccessor;E:\Programmieren\01_Java\03_Workspaces\02_CurrentProjects\EasyTag\EasyTagTest_Util\data\performanceTest\files;04_BIG.txt;13168640;100000;100000;100000;
MeasurementSession;1430151766880;Windows 7 home premium SP1 @AMD Phenom(tm) II X4 965@3.4GHz@8GB@7200UPM;1.7.0_60 by Oracle Corporation at E:\Programmieren\01_Java\01_JDKs\jdk1.7.0_60\jre;Windows 7 6.1 on x86;1430151766880;1430151766880;0;MILLISECONDS;de.et.perf.file.access.BufferedStreamAccessor;E:\Programmieren\01_Java\03_Workspaces\02_CurrentProjects\EasyTag\EasyTagTest_Util\data\performanceTest\files;04_BIG.txt;13168640;100000;100000;100000;
MeasurementSession;1430151766880;Windows 7 home premium SP1 @AMD Phenom(tm) II X4 965@3.4GHz@8GB@7200UPM;1.7.0_60 by Oracle Corporation at E:\Programmieren\01_Java\01_JDKs\jdk1.7.0_60\jre;Windows 7 6.1 on x86;1430151766880;1430151766880;0;MILLISECONDS;de.et.perf.file.access.MappedByteBufferAccessor;E:\Programmieren\01_Java\03_Workspaces\02_CurrentProjects\EasyTag\EasyTagTest_Util\data\performanceTest\files;04_BIG.txt;13168640;100000;100000;100000;
MeasurementSession;1430151768159;Windows 7 home premium SP1 @AMD Phenom(tm) II X4 965@3.4GHz@8GB@7200UPM;1.7.0_60 by Oracle Corporation at E:\Programmieren\01_Java\01_JDKs\jdk1.7.0_60\jre;Windows 7 6.1 on x86;1430151768159;1430151768159;0;MILLISECONDS;de.et.perf.file.access.RandomAccessFileAccessor;E:\Programmieren\01_Java\03_Workspaces\02_CurrentProjects\EasyTag\EasyTagTest_Util\data\performanceTest\files;05_LARGE.txt;55302424;100000;100000;100000;
MeasurementSession;1430151768159;Windows 7 home premium SP1 @AMD Phenom(tm) II X4 965@3.4GHz@8GB@7200UPM;1.7.0_60 by Oracle Corporation at E:\Programmieren\01_Java\01_JDKs\jdk1.7.0_60\jre;Windows 7 6.1 on x86;1430151768159;1430151768159;0;MILLISECONDS;de.et.perf.file.access.StreamAccessor;E:\Programmieren\01_Java\03_Workspaces\02_CurrentProjects\EasyTag\EasyTagTest_Util\data\performanceTest\files;05_LARGE.txt;55302424;100000;100000;100000;
MeasurementSession;1430151768159;Windows 7 home premium SP1 @AMD Phenom(tm) II X4 965@3.4GHz@8GB@7200UPM;1.7.0_60 by Oracle Corporation at E:\Programmieren\01_Java\01_JDKs\jdk1.7.0_60\jre;Windows 7 6.1 on x86;1430151768159;1430151768159;0;MILLISECONDS;de.et.perf.file.access.BufferedStreamAccessor;E:\Programmieren\01_Java\03_Workspaces\02_CurrentProjects\EasyTag\EasyTagTest_Util\data\performanceTest\files;05_LARGE.txt;55302424;100000;100000;100000;
MeasurementSession;1430151768159;Windows 7 home premium SP1 @AMD Phenom(tm) II X4 965@3.4GHz@8GB@7200UPM;1.7.0_60 by Oracle Corporation at E:\Programmieren\01_Java\01_JDKs\jdk1.7.0_60\jre;Windows 7 6.1 on x86;1430151768159;1430151768159;0;MILLISECONDS;de.et.perf.file.access.MappedByteBufferAccessor;E:\Programmieren\01_Java\03_Workspaces\02_CurrentProjects\EasyTag\EasyTagTest_Util\data\performanceTest\files;05_LARGE.txt;55302424;100000;100000;100000;
MeasurementSession;1430151774884;Windows 7 home premium SP1 @AMD Phenom(tm) II X4 965@3.4GHz@8GB@7200UPM;1.7.0_60 by Oracle Corporation at E:\Programmieren\01_Java\01_JDKs\jdk1.7.0_60\jre;Windows 7 6.1 on x86;1430151774884;1430151774884;0;MILLISECONDS;de.et.perf.file.access.RandomAccessFileAccessor;E:\Programmieren\01_Java\03_Workspaces\02_CurrentProjects\EasyTag\EasyTagTest_Util\data\performanceTest\files;06_FUCKING_HUGE.txt;269935208;100000;100000;100000;
MeasurementSession;1430151774884;Windows 7 home premium SP1 @AMD Phenom(tm) II X4 965@3.4GHz@8GB@7200UPM;1.7.0_60 by Oracle Corporation at E:\Programmieren\01_Java\01_JDKs\jdk1.7.0_60\jre;Windows 7 6.1 on x86;1430151774884;1430151774884;0;MILLISECONDS;de.et.perf.file.access.StreamAccessor;E:\Programmieren\01_Java\03_Workspaces\02_CurrentProjects\EasyTag\EasyTagTest_Util\data\performanceTest\files;06_FUCKING_HUGE.txt;269935208;100000;100000;100000;
MeasurementSession;1430151774884;Windows 7 home premium SP1 @AMD Phenom(tm) II X4 965@3.4GHz@8GB@7200UPM;1.7.0_60 by Oracle Corporation at E:\Programmieren\01_Java\01_JDKs\jdk1.7.0_60\jre;Windows 7 6.1 on x86;1430151774899;1430151774899;0;MILLISECONDS;de.et.perf.file.access.BufferedStreamAccessor;E:\Programmieren\01_Java\03_Workspaces\02_CurrentProjects\EasyTag\EasyTagTest_Util\data\performanceTest\files;06_FUCKING_HUGE.txt;269935208;100000;100000;100000;
MeasurementSession;1430151774884;Windows 7 home premium SP1 @AMD Phenom(tm) II X4 965@3.4GHz@8GB@7200UPM;1.7.0_60 by Oracle Corporation at E:\Programmieren\01_Java\01_JDKs\jdk1.7.0_60\jre;Windows 7 6.1 on x86;1430151774899;1430151774899;0;MILLISECONDS;de.et.perf.file.access.MappedByteBufferAccessor;E:\Programmieren\01_Java\03_Workspaces\02_CurrentProjects\EasyTag\EasyTagTest_Util\data\performanceTest\files;06_FUCKING_HUGE.txt;269935208;100000;100000;100000;
MeasurementSession;1430151775415;Windows 7 home premium SP1 @AMD Phenom(tm) II X4 965@3.4GHz@8GB@7200UPM;1.7.0_60 by Oracle Corporation at E:\Programmieren\01_Java\01_JDKs\jdk1.7.0_60\jre;Windows 7 6.1 on x86;1430151775415;1430151775415;0;MILLISECONDS;de.et.perf.file.access.RandomAccessFileAccessor;E:\Programmieren\01_Java\03_Workspaces\02_CurrentProjects\EasyTag\EasyTagTest_Util\data\performanceTest\files;01_SMALL.txt;610769;300000;300000;300000;
MeasurementSession;1430151775415;Windows 7 home premium SP1 @AMD Phenom(tm) II X4 965@3.4GHz@8GB@7200UPM;1.7.0_60 by Oracle Corporation at E:\Programmieren\01_Java\01_JDKs\jdk1.7.0_60\jre;Windows 7 6.1 on x86;1430151775431;1430151775431;0;MILLISECONDS;de.et.perf.file.access.StreamAccessor;E:\Programmieren\01_Java\03_Workspaces\02_CurrentProjects\EasyTag\EasyTagTest_Util\data\performanceTest\files;01_SMALL.txt;610769;300000;300000;300000;
MeasurementSession;1430151775415;Windows 7 home premium SP1 @AMD Phenom(tm) II X4 965@3.4GHz@8GB@7200UPM;1.7.0_60 by Oracle Corporation at E:\Programmieren\01_Java\01_JDKs\jdk1.7.0_60\jre;Windows 7 6.1 on x86;1430151775431;1430151775431;0;MILLISECONDS;de.et.perf.file.access.BufferedStreamAccessor;E:\Programmieren\01_Java\03_Workspaces\02_CurrentProjects\EasyTag\EasyTagTest_Util\data\performanceTest\files;01_SMALL.txt;610769;300000;300000;300000;
MeasurementSession;1430151775415;Windows 7 home premium SP1 @AMD Phenom(tm) II X4 965@3.4GHz@8GB@7200UPM;1.7.0_60 by Oracle Corporation at E:\Programmieren\01_Java\01_JDKs\jdk1.7.0_60\jre;Windows 7 6.1 on x86;1430151775431;1430151775431;0;MILLISECONDS;de.et.perf.file.access.MappedByteBufferAccessor;E:\Programmieren\01_Java\03_Workspaces\02_CurrentProjects\EasyTag\EasyTagTest_Util\data\performanceTest\files;01_SMALL.txt;610769;300000;300000;300000;
MeasurementSession;1430151775509;Windows 7 home premium SP1 @AMD Phenom(tm) II X4 965@3.4GHz@8GB@7200UPM;1.7.0_60 by Oracle Corporation at E:\Programmieren\01_Java\01_JDKs\jdk1.7.0_60\jre;Windows 7 6.1 on x86;1430151775509;1430151775509;0;MILLISECONDS;de.et.perf.file.access.RandomAccessFileAccessor;E:\Programmieren\01_Java\03_Workspaces\02_CurrentProjects\EasyTag\EasyTagTest_Util\data\performanceTest\files;02_SMALL_MEDIUM.txt;3738880;300000;300000;300000;
MeasurementSession;1430151775509;Windows 7 home premium SP1 @AMD Phenom(tm) II X4 965@3.4GHz@8GB@7200UPM;1.7.0_60 by Oracle Corporation at E:\Programmieren\01_Java\01_JDKs\jdk1.7.0_60\jre;Windows 7 6.1 on x86;1430151775509;1430151775509;0;MILLISECONDS;de.et.perf.file.access.StreamAccessor;E:\Programmieren\01_Java\03_Workspaces\02_CurrentProjects\EasyTag\EasyTagTest_Util\data\performanceTest\files;02_SMALL_MEDIUM.txt;3738880;300000;300000;300000;
MeasurementSession;1430151775509;Windows 7 home premium SP1 @AMD Phenom(tm) II X4 965@3.4GHz@8GB@7200UPM;1.7.0_60 by Oracle Corporation at E:\Programmieren\01_Java\01_JDKs\jdk1.7.0_60\jre;Windows 7 6.1 on x86;1430151775509;1430151775524;15;MILLISECONDS;de.et.perf.file.access.BufferedStreamAccessor;E:\Programmieren\01_Java\03_Workspaces\02_CurrentProjects\EasyTag\EasyTagTest_Util\data\performanceTest\files;02_SMALL_MEDIUM.txt;3738880;300000;300000;300000;
MeasurementSession;1430151775509;Windows 7 home premium SP1 @AMD Phenom(tm) II X4 965@3.4GHz@8GB@7200UPM;1.7.0_60 by Oracle Corporation at E:\Programmieren\01_Java\01_JDKs\jdk1.7.0_60\jre;Windows 7 6.1 on x86;1430151775524;1430151775524;0;MILLISECONDS;de.et.perf.file.access.MappedByteBufferAccessor;E:\Programmieren\01_Java\03_Workspaces\02_CurrentProjects\EasyTag\EasyTagTest_Util\data\performanceTest\files;02_SMALL_MEDIUM.txt;3738880;300000;300000;300000;
MeasurementSession;1430151775727;Windows 7 home premium SP1 @AMD Phenom(tm) II X4 965@3.4GHz@8GB@7200UPM;1.7.0_60 by Oracle Corporation at E:\Programmieren\01_Java\01_JDKs\jdk1.7.0_60\jre;Windows 7 6.1 on x86;1430151775743;1430151775743;0;MILLISECONDS;de.et.perf.file.access.RandomAccessFileAccessor;E:\Programmieren\01_Java\03_Workspaces\02_CurrentProjects\EasyTag\EasyTagTest_Util\data\performanceTest\files;03_MEDIUM.txt;5380131;300000;300000;300000;
MeasurementSession;1430151775727;Windows 7 home premium SP1 @AMD Phenom(tm) II X4 965@3.4GHz@8GB@7200UPM;1.7.0_60 by Oracle Corporation at E:\Programmieren\01_Java\01_JDKs\jdk1.7.0_60\jre;Windows 7 6.1 on x86;1430151775743;1430151775743;0;MILLISECONDS;de.et.perf.file.access.StreamAccessor;E:\Programmieren\01_Java\03_Workspaces\02_CurrentProjects\EasyTag\EasyTagTest_Util\data\performanceTest\files;03_MEDIUM.txt;5380131;300000;300000;300000;
MeasurementSession;1430151775727;Windows 7 home premium SP1 @AMD Phenom(tm) II X4 965@3.4GHz@8GB@7200UPM;1.7.0_60 by Oracle Corporation at E:\Programmieren\01_Java\01_JDKs\jdk1.7.0_60\jre;Windows 7 6.1 on x86;1430151775743;1430151775743;0;MILLISECONDS;de.et.perf.file.access.BufferedStreamAccessor;E:\Programmieren\01_Java\03_Workspaces\02_CurrentProjects\EasyTag\EasyTagTest_Util\data\performanceTest\files;03_MEDIUM.txt;5380131;300000;300000;300000;
MeasurementSession;1430151775727;Windows 7 home premium SP1 @AMD Phenom(tm) II X4 965@3.4GHz@8GB@7200UPM;1.7.0_60 by Oracle Corporation at E:\Programmieren\01_Java\01_JDKs\jdk1.7.0_60\jre;Windows 7 6.1 on x86;1430151775743;1430151775743;0;MILLISECONDS;de.et.perf.file.access.MappedByteBufferAccessor;E:\Programmieren\01_Java\03_Workspaces\02_CurrentProjects\EasyTag\EasyTagTest_Util\data\performanceTest\files;03_MEDIUM.txt;5380131;300000;300000;300000;
MeasurementSession;1430151775852;Windows 7 home premium SP1 @AMD Phenom(tm) II X4 965@3.4GHz@8GB@7200UPM;1.7.0_60 by Oracle Corporation at E:\Programmieren\01_Java\01_JDKs\jdk1.7.0_60\jre;Windows 7 6.1 on x86;1430151775852;1430151775852;0;MILLISECONDS;de.et.perf.file.access.RandomAccessFileAccessor;E:\Programmieren\01_Java\03_Workspaces\02_CurrentProjects\EasyTag\EasyTagTest_Util\data\performanceTest\files;04_BIG.txt;13168640;300000;300000;300000;
MeasurementSession;1430151775852;Windows 7 home premium SP1 @AMD Phenom(tm) II X4 965@3.4GHz@8GB@7200UPM;1.7.0_60 by Oracle Corporation at E:\Programmieren\01_Java\01_JDKs\jdk1.7.0_60\jre;Windows 7 6.1 on x86;1430151775852;1430151775852;0;MILLISECONDS;de.et.perf.file.access.StreamAccessor;E:\Programmieren\01_Java\03_Workspaces\02_CurrentProjects\EasyTag\EasyTagTest_Util\data\performanceTest\files;04_BIG.txt;13168640;300000;300000;300000;
MeasurementSession;1430151775852;Windows 7 home premium SP1 @AMD Phenom(tm) II X4 965@3.4GHz@8GB@7200UPM;1.7.0_60 by Oracle Corporation at E:\Programmieren\01_Java\01_JDKs\jdk1.7.0_60\jre;Windows 7 6.1 on x86;1430151775852;1430151775852;0;MILLISECONDS;de.et.perf.file.access.BufferedStreamAccessor;E:\Programmieren\01_Java\03_Workspaces\02_CurrentProjects\EasyTag\EasyTagTest_Util\data\performanceTest\files;04_BIG.txt;13168640;300000;300000;300000;
MeasurementSession;1430151775852;Windows 7 home premium SP1 @AMD Phenom(tm) II X4 965@3.4GHz@8GB@7200UPM;1.7.0_60 by Oracle Corporation at E:\Programmieren\01_Java\01_JDKs\jdk1.7.0_60\jre;Windows 7 6.1 on x86;1430151775852;1430151775852;0;MILLISECONDS;de.et.perf.file.access.MappedByteBufferAccessor;E:\Programmieren\01_Java\03_Workspaces\02_CurrentProjects\EasyTag\EasyTagTest_Util\data\performanceTest\files;04_BIG.txt;13168640;300000;300000;300000;
MeasurementSession;1430151777006;Windows 7 home premium SP1 @AMD Phenom(tm) II X4 965@3.4GHz@8GB@7200UPM;1.7.0_60 by Oracle Corporation at E:\Programmieren\01_Java\01_JDKs\jdk1.7.0_60\jre;Windows 7 6.1 on x86;1430151777006;1430151777006;0;MILLISECONDS;de.et.perf.file.access.RandomAccessFileAccessor;E:\Programmieren\01_Java\03_Workspaces\02_CurrentProjects\EasyTag\EasyTagTest_Util\data\performanceTest\files;05_LARGE.txt;55302424;300000;300000;300000;
MeasurementSession;1430151777006;Windows 7 home premium SP1 @AMD Phenom(tm) II X4 965@3.4GHz@8GB@7200UPM;1.7.0_60 by Oracle Corporation at E:\Programmieren\01_Java\01_JDKs\jdk1.7.0_60\jre;Windows 7 6.1 on x86;1430151777006;1430151777006;0;MILLISECONDS;de.et.perf.file.access.StreamAccessor;E:\Programmieren\01_Java\03_Workspaces\02_CurrentProjects\EasyTag\EasyTagTest_Util\data\performanceTest\files;05_LARGE.txt;55302424;300000;300000;300000;
MeasurementSession;1430151777006;Windows 7 home premium SP1 @AMD Phenom(tm) II X4 965@3.4GHz@8GB@7200UPM;1.7.0_60 by Oracle Corporation at E:\Programmieren\01_Java\01_JDKs\jdk1.7.0_60\jre;Windows 7 6.1 on x86;1430151777006;1430151777006;0;MILLISECONDS;de.et.perf.file.access.BufferedStreamAccessor;E:\Programmieren\01_Java\03_Workspaces\02_CurrentProjects\EasyTag\EasyTagTest_Util\data\performanceTest\files;05_LARGE.txt;55302424;300000;300000;300000;
MeasurementSession;1430151777006;Windows 7 home premium SP1 @AMD Phenom(tm) II X4 965@3.4GHz@8GB@7200UPM;1.7.0_60 by Oracle Corporation at E:\Programmieren\01_Java\01_JDKs\jdk1.7.0_60\jre;Windows 7 6.1 on x86;1430151777006;1430151777006;0;MILLISECONDS;de.et.perf.file.access.MappedByteBufferAccessor;E:\Programmieren\01_Java\03_Workspaces\02_CurrentProjects\EasyTag\EasyTagTest_Util\data\performanceTest\files;05_LARGE.txt;55302424;300000;300000;300000;
MeasurementSession;1430151784012;Windows 7 home premium SP1 @AMD Phenom(tm) II X4 965@3.4GHz@8GB@7200UPM;1.7.0_60 by Oracle Corporation at E:\Programmieren\01_Java\01_JDKs\jdk1.7.0_60\jre;Windows 7 6.1 on x86;1430151784027;1430151784027;0;MILLISECONDS;de.et.perf.file.access.RandomAccessFileAccessor;E:\Programmieren\01_Java\03_Workspaces\02_CurrentProjects\EasyTag\EasyTagTest_Util\data\performanceTest\files;06_FUCKING_HUGE.txt;269935208;300000;300000;300000;
MeasurementSession;1430151784012;Windows 7 home premium SP1 @AMD Phenom(tm) II X4 965@3.4GHz@8GB@7200UPM;1.7.0_60 by Oracle Corporation at E:\Programmieren\01_Java\01_JDKs\jdk1.7.0_60\jre;Windows 7 6.1 on x86;1430151784027;1430151784027;0;MILLISECONDS;de.et.perf.file.access.StreamAccessor;E:\Programmieren\01_Java\03_Workspaces\02_CurrentProjects\EasyTag\EasyTagTest_Util\data\performanceTest\files;06_FUCKING_HUGE.txt;269935208;300000;300000;300000;
MeasurementSession;1430151784012;Windows 7 home premium SP1 @AMD Phenom(tm) II X4 965@3.4GHz@8GB@7200UPM;1.7.0_60 by Oracle Corporation at E:\Programmieren\01_Java\01_JDKs\jdk1.7.0_60\jre;Windows 7 6.1 on x86;1430151784027;1430151784027;0;MILLISECONDS;de.et.perf.file.access.BufferedStreamAccessor;E:\Programmieren\01_Java\03_Workspaces\02_CurrentProjects\EasyTag\EasyTagTest_Util\data\performanceTest\files;06_FUCKING_HUGE.txt;269935208;300000;300000;300000;
MeasurementSession;1430151784012;Windows 7 home premium SP1 @AMD Phenom(tm) II X4 965@3.4GHz@8GB@7200UPM;1.7.0_60 by Oracle Corporation at E:\Programmieren\01_Java\01_JDKs\jdk1.7.0_60\jre;Windows 7 6.1 on x86;1430151784027;1430151784027;0;MILLISECONDS;de.et.perf.file.access.MappedByteBufferAccessor;E:\Programmieren\01_Java\03_Workspaces\02_CurrentProjects\EasyTag\EasyTagTest_Util\data\performanceTest\files;06_FUCKING_HUGE.txt;269935208;300000;300000;300000;
MeasurementSession;1430151784434;Windows 7 home premium SP1 @AMD Phenom(tm) II X4 965@3.4GHz@8GB@7200UPM;1.7.0_60 by Oracle Corporation at E:\Programmieren\01_Java\01_JDKs\jdk1.7.0_60\jre;Windows 7 6.1 on x86;1430151784434;1430151784434;0;MILLISECONDS;de.et.perf.file.access.RandomAccessFileAccessor;E:\Programmieren\01_Java\03_Workspaces\02_CurrentProjects\EasyTag\EasyTagTest_Util\data\performanceTest\files;02_SMALL_MEDIUM.txt;3738880;1000000;1000000;1000000;
MeasurementSession;1430151784434;Windows 7 home premium SP1 @AMD Phenom(tm) II X4 965@3.4GHz@8GB@7200UPM;1.7.0_60 by Oracle Corporation at E:\Programmieren\01_Java\01_JDKs\jdk1.7.0_60\jre;Windows 7 6.1 on x86;1430151784434;1430151784559;125;MILLISECONDS;de.et.perf.file.access.StreamAccessor;E:\Programmieren\01_Java\03_Workspaces\02_CurrentProjects\EasyTag\EasyTagTest_Util\data\performanceTest\files;02_SMALL_MEDIUM.txt;3738880;1000000;1000000;1000000;
MeasurementSession;1430151784434;Windows 7 home premium SP1 @AMD Phenom(tm) II X4 965@3.4GHz@8GB@7200UPM;1.7.0_60 by Oracle Corporation at E:\Programmieren\01_Java\01_JDKs\jdk1.7.0_60\jre;Windows 7 6.1 on x86;1430151784559;1430151784559;0;MILLISECONDS;de.et.perf.file.access.BufferedStreamAccessor;E:\Programmieren\01_Java\03_Workspaces\02_CurrentProjects\EasyTag\EasyTagTest_Util\data\performanceTest\files;02_SMALL_MEDIUM.txt;3738880;1000000;1000000;1000000;
MeasurementSession;1430151784434;Windows 7 home premium SP1 @AMD Phenom(tm) II X4 965@3.4GHz@8GB@7200UPM;1.7.0_60 by Oracle Corporation at E:\Programmieren\01_Java\01_JDKs\jdk1.7.0_60\jre;Windows 7 6.1 on x86;1430151784559;1430151784574;15;MILLISECONDS;de.et.perf.file.access.MappedByteBufferAccessor;E:\Programmieren\01_Java\03_Workspaces\02_CurrentProjects\EasyTag\EasyTagTest_Util\data\performanceTest\files;02_SMALL_MEDIUM.txt;3738880;1000000;1000000;1000000;
MeasurementSession;1430151784715;Windows 7 home premium SP1 @AMD Phenom(tm) II X4 965@3.4GHz@8GB@7200UPM;1.7.0_60 by Oracle Corporation at E:\Programmieren\01_Java\01_JDKs\jdk1.7.0_60\jre;Windows 7 6.1 on x86;1430151784715;1430151784715;0;MILLISECONDS;de.et.perf.file.access.RandomAccessFileAccessor;E:\Programmieren\01_Java\03_Workspaces\02_CurrentProjects\EasyTag\EasyTagTest_Util\data\performanceTest\files;03_MEDIUM.txt;5380131;1000000;1000000;1000000;
MeasurementSession;1430151784715;Windows 7 home premium SP1 @AMD Phenom(tm) II X4 965@3.4GHz@8GB@7200UPM;1.7.0_60 by Oracle Corporation at E:\Programmieren\01_Java\01_JDKs\jdk1.7.0_60\jre;Windows 7 6.1 on x86;1430151784715;1430151784715;0;MILLISECONDS;de.et.perf.file.access.StreamAccessor;E:\Programmieren\01_Java\03_Workspaces\02_CurrentProjects\EasyTag\EasyTagTest_Util\data\performanceTest\files;03_MEDIUM.txt;5380131;1000000;1000000;1000000;
MeasurementSession;1430151784715;Windows 7 home premium SP1 @AMD Phenom(tm) II X4 965@3.4GHz@8GB@7200UPM;1.7.0_60 by Oracle Corporation at E:\Programmieren\01_Java\01_JDKs\jdk1.7.0_60\jre;Windows 7 6.1 on x86;1430151784730;1430151784730;0;MILLISECONDS;de.et.perf.file.access.BufferedStreamAccessor;E:\Programmieren\01_Java\03_Workspaces\02_CurrentProjects\EasyTag\EasyTagTest_Util\data\performanceTest\files;03_MEDIUM.txt;5380131;1000000;1000000;1000000;
MeasurementSession;1430151784715;Windows 7 home premium SP1 @AMD Phenom(tm) II X4 965@3.4GHz@8GB@7200UPM;1.7.0_60 by Oracle Corporation at E:\Programmieren\01_Java\01_JDKs\jdk1.7.0_60\jre;Windows 7 6.1 on x86;1430151784730;1430151784730;0;MILLISECONDS;de.et.perf.file.access.MappedByteBufferAccessor;E:\Programmieren\01_Java\03_Workspaces\02_CurrentProjects\EasyTag\EasyTagTest_Util\data\performanceTest\files;03_MEDIUM.txt;5380131;1000000;1000000;1000000;
MeasurementSession;1430151784902;Windows 7 home premium SP1 @AMD Phenom(tm) II X4 965@3.4GHz@8GB@7200UPM;1.7.0_60 by Oracle Corporation at E:\Programmieren\01_Java\01_JDKs\jdk1.7.0_60\jre;Windows 7 6.1 on x86;1430151784902;1430151784918;16;MILLISECONDS;de.et.perf.file.access.RandomAccessFileAccessor;E:\Programmieren\01_Java\03_Workspaces\02_CurrentProjects\EasyTag\EasyTagTest_Util\data\performanceTest\files;04_BIG.txt;13168640;1000000;1000000;1000000;
MeasurementSession;1430151784902;Windows 7 home premium SP1 @AMD Phenom(tm) II X4 965@3.4GHz@8GB@7200UPM;1.7.0_60 by Oracle Corporation at E:\Programmieren\01_Java\01_JDKs\jdk1.7.0_60\jre;Windows 7 6.1 on x86;1430151784918;1430151784918;0;MILLISECONDS;de.et.perf.file.access.StreamAccessor;E:\Programmieren\01_Java\03_Workspaces\02_CurrentProjects\EasyTag\EasyTagTest_Util\data\performanceTest\files;04_BIG.txt;13168640;1000000;1000000;1000000;
MeasurementSession;1430151784902;Windows 7 home premium SP1 @AMD Phenom(tm) II X4 965@3.4GHz@8GB@7200UPM;1.7.0_60 by Oracle Corporation at E:\Programmieren\01_Java\01_JDKs\jdk1.7.0_60\jre;Windows 7 6.1 on x86;1430151784918;1430151784933;15;MILLISECONDS;de.et.perf.file.access.BufferedStreamAccessor;E:\Programmieren\01_Java\03_Workspaces\02_CurrentProjects\EasyTag\EasyTagTest_Util\data\performanceTest\files;04_BIG.txt;13168640;1000000;1000000;1000000;
MeasurementSession;1430151784902;Windows 7 home premium SP1 @AMD Phenom(tm) II X4 965@3.4GHz@8GB@7200UPM;1.7.0_60 by Oracle Corporation at E:\Programmieren\01_Java\01_JDKs\jdk1.7.0_60\jre;Windows 7 6.1 on x86;1430151784933;1430151784933;0;MILLISECONDS;de.et.perf.file.access.MappedByteBufferAccessor;E:\Programmieren\01_Java\03_Workspaces\02_CurrentProjects\EasyTag\EasyTagTest_Util\data\performanceTest\files;04_BIG.txt;13168640;1000000;1000000;1000000;
MeasurementSession;1430151786150;Windows 7 home premium SP1 @AMD Phenom(tm) II X4 965@3.4GHz@8GB@7200UPM;1.7.0_60 by Oracle Corporation at E:\Programmieren\01_Java\01_JDKs\jdk1.7.0_60\jre;Windows 7 6.1 on x86;1430151786150;1430151786150;0;MILLISECONDS;de.et.perf.file.access.RandomAccessFileAccessor;E:\Programmieren\01_Java\03_Workspaces\02_CurrentProjects\EasyTag\EasyTagTest_Util\data\performanceTest\files;05_LARGE.txt;55302424;1000000;1000000;1000000;
MeasurementSession;1430151786150;Windows 7 home premium SP1 @AMD Phenom(tm) II X4 965@3.4GHz@8GB@7200UPM;1.7.0_60 by Oracle Corporation at E:\Programmieren\01_Java\01_JDKs\jdk1.7.0_60\jre;Windows 7 6.1 on x86;1430151786150;1430151786166;16;MILLISECONDS;de.et.perf.file.access.StreamAccessor;E:\Programmieren\01_Java\03_Workspaces\02_CurrentProjects\EasyTag\EasyTagTest_Util\data\performanceTest\files;05_LARGE.txt;55302424;1000000;1000000;1000000;
MeasurementSession;1430151786150;Windows 7 home premium SP1 @AMD Phenom(tm) II X4 965@3.4GHz@8GB@7200UPM;1.7.0_60 by Oracle Corporation at E:\Programmieren\01_Java\01_JDKs\jdk1.7.0_60\jre;Windows 7 6.1 on x86;1430151786166;1430151786166;0;MILLISECONDS;de.et.perf.file.access.BufferedStreamAccessor;E:\Programmieren\01_Java\03_Workspaces\02_CurrentProjects\EasyTag\EasyTagTest_Util\data\performanceTest\files;05_LARGE.txt;55302424;1000000;1000000;1000000;
MeasurementSession;1430151786150;Windows 7 home premium SP1 @AMD Phenom(tm) II X4 965@3.4GHz@8GB@7200UPM;1.7.0_60 by Oracle Corporation at E:\Programmieren\01_Java\01_JDKs\jdk1.7.0_60\jre;Windows 7 6.1 on x86;1430151786166;1430151786182;16;MILLISECONDS;de.et.perf.file.access.MappedByteBufferAccessor;E:\Programmieren\01_Java\03_Workspaces\02_CurrentProjects\EasyTag\EasyTagTest_Util\data\performanceTest\files;05_LARGE.txt;55302424;1000000;1000000;1000000;
MeasurementSession;1430151792812;Windows 7 home premium SP1 @AMD Phenom(tm) II X4 965@3.4GHz@8GB@7200UPM;1.7.0_60 by Oracle Corporation at E:\Programmieren\01_Java\01_JDKs\jdk1.7.0_60\jre;Windows 7 6.1 on x86;1430151792812;1430151792812;0;MILLISECONDS;de.et.perf.file.access.RandomAccessFileAccessor;E:\Programmieren\01_Java\03_Workspaces\02_CurrentProjects\EasyTag\EasyTagTest_Util\data\performanceTest\files;06_FUCKING_HUGE.txt;269935208;1000000;1000000;1000000;
MeasurementSession;1430151792812;Windows 7 home premium SP1 @AMD Phenom(tm) II X4 965@3.4GHz@8GB@7200UPM;1.7.0_60 by Oracle Corporation at E:\Programmieren\01_Java\01_JDKs\jdk1.7.0_60\jre;Windows 7 6.1 on x86;1430151792812;1430151792860;48;MILLISECONDS;de.et.perf.file.access.StreamAccessor;E:\Programmieren\01_Java\03_Workspaces\02_CurrentProjects\EasyTag\EasyTagTest_Util\data\performanceTest\files;06_FUCKING_HUGE.txt;269935208;1000000;1000000;1000000;
MeasurementSession;1430151792812;Windows 7 home premium SP1 @AMD Phenom(tm) II X4 965@3.4GHz@8GB@7200UPM;1.7.0_60 by Oracle Corporation at E:\Programmieren\01_Java\01_JDKs\jdk1.7.0_60\jre;Windows 7 6.1 on x86;1430151792860;1430151792876;16;MILLISECONDS;de.et.perf.file.access.BufferedStreamAccessor;E:\Programmieren\01_Java\03_Workspaces\02_CurrentProjects\EasyTag\EasyTagTest_Util\data\performanceTest\files;06_FUCKING_HUGE.txt;269935208;1000000;1000000;1000000;
MeasurementSession;1430151792812;Windows 7 home premium SP1 @AMD Phenom(tm) II X4 965@3.4GHz@8GB@7200UPM;1.7.0_60 by Oracle Corporation at E:\Programmieren\01_Java\01_JDKs\jdk1.7.0_60\jre;Windows 7 6.1 on x86;1430151792876;1430151792876;0;MILLISECONDS;de.et.perf.file.access.MappedByteBufferAccessor;E:\Programmieren\01_Java\03_Workspaces\02_CurrentProjects\EasyTag\EasyTagTest_Util\data\performanceTest\files;06_FUCKING_HUGE.txt;269935208;1000000;1000000;1000000;
MeasurementSession;1430151793687;Windows 7 home premium SP1 @AMD Phenom(tm) II X4 965@3.4GHz@8GB@7200UPM;1.7.0_60 by Oracle Corporation at E:\Programmieren\01_Java\01_JDKs\jdk1.7.0_60\jre;Windows 7 6.1 on x86;1430151793687;1430151793718;31;MILLISECONDS;de.et.perf.file.access.RandomAccessFileAccessor;E:\Programmieren\01_Java\03_Workspaces\02_CurrentProjects\EasyTag\EasyTagTest_Util\data\performanceTest\files;04_BIG.txt;13168640;3000000;3000000;3000000;
MeasurementSession;1430151793687;Windows 7 home premium SP1 @AMD Phenom(tm) II X4 965@3.4GHz@8GB@7200UPM;1.7.0_60 by Oracle Corporation at E:\Programmieren\01_Java\01_JDKs\jdk1.7.0_60\jre;Windows 7 6.1 on x86;1430151793718;1430151793734;16;MILLISECONDS;de.et.perf.file.access.StreamAccessor;E:\Programmieren\01_Java\03_Workspaces\02_CurrentProjects\EasyTag\EasyTagTest_Util\data\performanceTest\files;04_BIG.txt;13168640;3000000;3000000;3000000;
MeasurementSession;1430151793687;Windows 7 home premium SP1 @AMD Phenom(tm) II X4 965@3.4GHz@8GB@7200UPM;1.7.0_60 by Oracle Corporation at E:\Programmieren\01_Java\01_JDKs\jdk1.7.0_60\jre;Windows 7 6.1 on x86;1430151793734;1430151793765;31;MILLISECONDS;de.et.perf.file.access.BufferedStreamAccessor;E:\Programmieren\01_Java\03_Workspaces\02_CurrentProjects\EasyTag\EasyTagTest_Util\data\performanceTest\files;04_BIG.txt;13168640;3000000;3000000;3000000;
MeasurementSession;1430151793687;Windows 7 home premium SP1 @AMD Phenom(tm) II X4 965@3.4GHz@8GB@7200UPM;1.7.0_60 by Oracle Corporation at E:\Programmieren\01_Java\01_JDKs\jdk1.7.0_60\jre;Windows 7 6.1 on x86;1430151793765;1430151793780;15;MILLISECONDS;de.et.perf.file.access.MappedByteBufferAccessor;E:\Programmieren\01_Java\03_Workspaces\02_CurrentProjects\EasyTag\EasyTagTest_Util\data\performanceTest\files;04_BIG.txt;13168640;3000000;3000000;3000000;
MeasurementSession;1430151794779;Windows 7 home premium SP1 @AMD Phenom(tm) II X4 965@3.4GHz@8GB@7200UPM;1.7.0_60 by Oracle Corporation at E:\Programmieren\01_Java\01_JDKs\jdk1.7.0_60\jre;Windows 7 6.1 on x86;1430151794779;1430151794841;62;MILLISECONDS;de.et.perf.file.access.RandomAccessFileAccessor;E:\Programmieren\01_Java\03_Workspaces\02_CurrentProjects\EasyTag\EasyTagTest_Util\data\performanceTest\files;05_LARGE.txt;55302424;3000000;3000000;3000000;
MeasurementSession;1430151794779;Windows 7 home premium SP1 @AMD Phenom(tm) II X4 965@3.4GHz@8GB@7200UPM;1.7.0_60 by Oracle Corporation at E:\Programmieren\01_Java\01_JDKs\jdk1.7.0_60\jre;Windows 7 6.1 on x86;1430151794841;1430151794872;31;MILLISECONDS;de.et.perf.file.access.StreamAccessor;E:\Programmieren\01_Java\03_Workspaces\02_CurrentProjects\EasyTag\EasyTagTest_Util\data\performanceTest\files;05_LARGE.txt;55302424;3000000;3000000;3000000;
MeasurementSession;1430151794779;Windows 7 home premium SP1 @AMD Phenom(tm) II X4 965@3.4GHz@8GB@7200UPM;1.7.0_60 by Oracle Corporation at E:\Programmieren\01_Java\01_JDKs\jdk1.7.0_60\jre;Windows 7 6.1 on x86;1430151794872;1430151794904;32;MILLISECONDS;de.et.perf.file.access.BufferedStreamAccessor;E:\Programmieren\01_Java\03_Workspaces\02_CurrentProjects\EasyTag\EasyTagTest_Util\data\performanceTest\files;05_LARGE.txt;55302424;3000000;3000000;3000000;
MeasurementSession;1430151794779;Windows 7 home premium SP1 @AMD Phenom(tm) II X4 965@3.4GHz@8GB@7200UPM;1.7.0_60 by Oracle Corporation at E:\Programmieren\01_Java\01_JDKs\jdk1.7.0_60\jre;Windows 7 6.1 on x86;1430151794904;1430151794919;15;MILLISECONDS;de.et.perf.file.access.MappedByteBufferAccessor;E:\Programmieren\01_Java\03_Workspaces\02_CurrentProjects\EasyTag\EasyTagTest_Util\data\performanceTest\files;05_LARGE.txt;55302424;3000000;3000000;3000000;
MeasurementSession;1430151801519;Windows 7 home premium SP1 @AMD Phenom(tm) II X4 965@3.4GHz@8GB@7200UPM;1.7.0_60 by Oracle Corporation at E:\Programmieren\01_Java\01_JDKs\jdk1.7.0_60\jre;Windows 7 6.1 on x86;1430151801519;1430151801535;16;MILLISECONDS;de.et.perf.file.access.RandomAccessFileAccessor;E:\Programmieren\01_Java\03_Workspaces\02_CurrentProjects\EasyTag\EasyTagTest_Util\data\performanceTest\files;06_FUCKING_HUGE.txt;269935208;3000000;3000000;3000000;
MeasurementSession;1430151801519;Windows 7 home premium SP1 @AMD Phenom(tm) II X4 965@3.4GHz@8GB@7200UPM;1.7.0_60 by Oracle Corporation at E:\Programmieren\01_Java\01_JDKs\jdk1.7.0_60\jre;Windows 7 6.1 on x86;1430151801535;1430151801644;109;MILLISECONDS;de.et.perf.file.access.StreamAccessor;E:\Programmieren\01_Java\03_Workspaces\02_CurrentProjects\EasyTag\EasyTagTest_Util\data\performanceTest\files;06_FUCKING_HUGE.txt;269935208;3000000;3000000;3000000;
MeasurementSession;1430151801519;Windows 7 home premium SP1 @AMD Phenom(tm) II X4 965@3.4GHz@8GB@7200UPM;1.7.0_60 by Oracle Corporation at E:\Programmieren\01_Java\01_JDKs\jdk1.7.0_60\jre;Windows 7 6.1 on x86;1430151801644;1430151801675;31;MILLISECONDS;de.et.perf.file.access.BufferedStreamAccessor;E:\Programmieren\01_Java\03_Workspaces\02_CurrentProjects\EasyTag\EasyTagTest_Util\data\performanceTest\files;06_FUCKING_HUGE.txt;269935208;3000000;3000000;3000000;
MeasurementSession;1430151801519;Windows 7 home premium SP1 @AMD Phenom(tm) II X4 965@3.4GHz@8GB@7200UPM;1.7.0_60 by Oracle Corporation at E:\Programmieren\01_Java\01_JDKs\jdk1.7.0_60\jre;Windows 7 6.1 on x86;1430151801675;1430151801707;32;MILLISECONDS;de.et.perf.file.access.MappedByteBufferAccessor;E:\Programmieren\01_Java\03_Workspaces\02_CurrentProjects\EasyTag\EasyTagTest_Util\data\performanceTest\files;06_FUCKING_HUGE.txt;269935208;3000000;3000000;3000000;
MeasurementSession;1430151804125;Windows 7 home premium SP1 @AMD Phenom(tm) II X4 965@3.4GHz@8GB@7200UPM;1.7.0_60 by Oracle Corporation at E:\Programmieren\01_Java\01_JDKs\jdk1.7.0_60\jre;Windows 7 6.1 on x86;1430151804125;1430151807011;2886;MILLISECONDS;de.et.perf.file.access.RandomAccessFileAccessor;E:\Programmieren\01_Java\03_Workspaces\02_CurrentProjects\EasyTag\EasyTagTest_Util\data\performanceTest\files;05_LARGE.txt;55302424;25000000;25000000;25000000;
MeasurementSession;1430151804125;Windows 7 home premium SP1 @AMD Phenom(tm) II X4 965@3.4GHz@8GB@7200UPM;1.7.0_60 by Oracle Corporation at E:\Programmieren\01_Java\01_JDKs\jdk1.7.0_60\jre;Windows 7 6.1 on x86;1430151807011;1430151808166;1155;MILLISECONDS;de.et.perf.file.access.StreamAccessor;E:\Programmieren\01_Java\03_Workspaces\02_CurrentProjects\EasyTag\EasyTagTest_Util\data\performanceTest\files;05_LARGE.txt;55302424;25000000;25000000;25000000;
MeasurementSession;1430151804125;Windows 7 home premium SP1 @AMD Phenom(tm) II X4 965@3.4GHz@8GB@7200UPM;1.7.0_60 by Oracle Corporation at E:\Programmieren\01_Java\01_JDKs\jdk1.7.0_60\jre;Windows 7 6.1 on x86;1430151808166;1430151808524;358;MILLISECONDS;de.et.perf.file.access.BufferedStreamAccessor;E:\Programmieren\01_Java\03_Workspaces\02_CurrentProjects\EasyTag\EasyTagTest_Util\data\performanceTest\files;05_LARGE.txt;55302424;25000000;25000000;25000000;
MeasurementSession;1430151804125;Windows 7 home premium SP1 @AMD Phenom(tm) II X4 965@3.4GHz@8GB@7200UPM;1.7.0_60 by Oracle Corporation at E:\Programmieren\01_Java\01_JDKs\jdk1.7.0_60\jre;Windows 7 6.1 on x86;1430151808524;1430151808696;172;MILLISECONDS;de.et.perf.file.access.MappedByteBufferAccessor;E:\Programmieren\01_Java\03_Workspaces\02_CurrentProjects\EasyTag\EasyTagTest_Util\data\performanceTest\files;05_LARGE.txt;55302424;25000000;25000000;25000000;
MeasurementSession;1430151813018;Windows 7 home premium SP1 @AMD Phenom(tm) II X4 965@3.4GHz@8GB@7200UPM;1.7.0_60 by Oracle Corporation at E:\Programmieren\01_Java\01_JDKs\jdk1.7.0_60\jre;Windows 7 6.1 on x86;1430151813018;1430151816279;3261;MILLISECONDS;de.et.perf.file.access.RandomAccessFileAccessor;E:\Programmieren\01_Java\03_Workspaces\02_CurrentProjects\EasyTag\EasyTagTest_Util\data\performanceTest\files;06_FUCKING_HUGE.txt;269935208;25000000;25000000;25000000;
MeasurementSession;1430151813018;Windows 7 home premium SP1 @AMD Phenom(tm) II X4 965@3.4GHz@8GB@7200UPM;1.7.0_60 by Oracle Corporation at E:\Programmieren\01_Java\01_JDKs\jdk1.7.0_60\jre;Windows 7 6.1 on x86;1430151816294;1430151818899;2605;MILLISECONDS;de.et.perf.file.access.StreamAccessor;E:\Programmieren\01_Java\03_Workspaces\02_CurrentProjects\EasyTag\EasyTagTest_Util\data\performanceTest\files;06_FUCKING_HUGE.txt;269935208;25000000;25000000;25000000;
MeasurementSession;1430151813018;Windows 7 home premium SP1 @AMD Phenom(tm) II X4 965@3.4GHz@8GB@7200UPM;1.7.0_60 by Oracle Corporation at E:\Programmieren\01_Java\01_JDKs\jdk1.7.0_60\jre;Windows 7 6.1 on x86;1430151818899;1430151819336;437;MILLISECONDS;de.et.perf.file.access.BufferedStreamAccessor;E:\Programmieren\01_Java\03_Workspaces\02_CurrentProjects\EasyTag\EasyTagTest_Util\data\performanceTest\files;06_FUCKING_HUGE.txt;269935208;25000000;25000000;25000000;
MeasurementSession;1430151813018;Windows 7 home premium SP1 @AMD Phenom(tm) II X4 965@3.4GHz@8GB@7200UPM;1.7.0_60 by Oracle Corporation at E:\Programmieren\01_Java\01_JDKs\jdk1.7.0_60\jre;Windows 7 6.1 on x86;1430151819336;1430151819445;109;MILLISECONDS;de.et.perf.file.access.MappedByteBufferAccessor;E:\Programmieren\01_Java\03_Workspaces\02_CurrentProjects\EasyTag\EasyTagTest_Util\data\performanceTest\files;06_FUCKING_HUGE.txt;269935208;25000000;25000000;25000000;
MeasurementSession;1430151828869;Windows 7 home premium SP1 @AMD Phenom(tm) II X4 965@3.4GHz@8GB@7200UPM;1.7.0_60 by Oracle Corporation at E:\Programmieren\01_Java\01_JDKs\jdk1.7.0_60\jre;Windows 7 6.1 on x86;1430151828869;1430151828916;47;MILLISECONDS;de.et.perf.file.access.RandomAccessFileAccessor;E:\Programmieren\01_Java\03_Workspaces\02_CurrentProjects\EasyTag\EasyTagTest_Util\data\performanceTest\files;06_FUCKING_HUGE.txt;269935208;125000000;125000000;125000000;
MeasurementSession;1430151828869;Windows 7 home premium SP1 @AMD Phenom(tm) II X4 965@3.4GHz@8GB@7200UPM;1.7.0_60 by Oracle Corporation at E:\Programmieren\01_Java\01_JDKs\jdk1.7.0_60\jre;Windows 7 6.1 on x86;1430151828916;1430151828963;47;MILLISECONDS;de.et.perf.file.access.StreamAccessor;E:\Programmieren\01_Java\03_Workspaces\02_CurrentProjects\EasyTag\EasyTagTest_Util\data\performanceTest\files;06_FUCKING_HUGE.txt;269935208;125000000;125000000;125000000;
MeasurementSession;1430151828869;Windows 7 home premium SP1 @AMD Phenom(tm) II X4 965@3.4GHz@8GB@7200UPM;1.7.0_60 by Oracle Corporation at E:\Programmieren\01_Java\01_JDKs\jdk1.7.0_60\jre;Windows 7 6.1 on x86;1430151828963;1430151828978;15;MILLISECONDS;de.et.perf.file.access.BufferedStreamAccessor;E:\Programmieren\01_Java\03_Workspaces\02_CurrentProjects\EasyTag\EasyTagTest_Util\data\performanceTest\files;06_FUCKING_HUGE.txt;269935208;125000000;125000000;125000000;
MeasurementSession;1430151828869;Windows 7 home premium SP1 @AMD Phenom(tm) II X4 965@3.4GHz@8GB@7200UPM;1.7.0_60 by Oracle Corporation at E:\Programmieren\01_Java\01_JDKs\jdk1.7.0_60\jre;Windows 7 6.1 on x86;1430151828978;1430151828978;0;MILLISECONDS;de.et.perf.file.access.MappedByteBufferAccessor;E:\Programmieren\01_Java\03_Workspaces\02_CurrentProjects\EasyTag\EasyTagTest_Util\data\performanceTest\files;06_FUCKING_HUGE.txt;269935208;125000000;125000000;125000000;
